uniqueId,measuredParam,customId,parentId,region
61556c5e81bc4463c3a09158,Air Temperature,3F4D90_v4_temp1,61556c5e81bc44151ea09099,HAU - Haumoana
61556c5e81bc4466cfa0915a,Leaf Wetness,3F4D90_v4_an,61556c5e81bc44151ea09099,HAU - Haumoana
61556c5e81bc449051a0915c,Rain - Total,3F4D90_v4_raintotal,61556c5e81bc44151ea09099,HAU - Haumoana
61556c5e81bc444993a0915e,Soil Moisture 10 cm,3F4D90_v4_soil1,61556c5e81bc44151ea09099,HAU - Haumoana
61556c5e81bc44e487a09161,Soil Moisture 20 cm,3F4D90_v4_soil2,61556c5e81bc44151ea09099,HAU - Haumoana
61556c5e81bc441ac9a09166,Soil Moisture 30 cm,3F4D90_v4_soil3,61556c5e81bc44151ea09099,HAU - Haumoana
61556c5e81bc44d9b9a09168,Soil Moisture 60 cm,3F4D90_v4_soil6,61556c5e81bc44151ea09099,HAU - Haumoana
61556c5e81bc4472eca0916a,Soil Moisture 70 cm,3F4D90_v4_soil7,61556c5e81bc44151ea09099,HAU - Haumoana
61556c5e81bc44029fa0916c,Soil Temperature 10 cm,3F4D90_v4_soiltemp1,61556c5e81bc44151ea09099,HAU - Haumoana
61556c5e81bc442745a0916e,Soil Temperature 20 cm,3F4D90_v4_soiltemp2,61556c5e81bc44151ea09099,HAU - Haumoana
61556c5e81bc442317a09170,Soil Moisture 80 cm,3F4D90_v4_soil8,61556c5e81bc44151ea09099,HAU - Haumoana
61556c5e81bc446d55a09172,Soil Moisture 40 cm,3F4D90_v4_soil4,61556c5e81bc44151ea09099,HAU - Haumoana
61556c5e81bc441e0da09174,Soil Temperature 60 cm,3F4D90_v4_soiltemp6,61556c5e81bc44151ea09099,HAU - Haumoana
61556c5e81bc4488fea09176,Soil Temperature 50 cm,3F4D90_v4_soiltemp5,61556c5e81bc44151ea09099,HAU - Haumoana
61556c5e81bc444c60a09178,Soil Moisture 50 cm,3F4D90_v4_soil5,61556c5e81bc44151ea09099,HAU - Haumoana
61556c5e81bc44bb45a0917a,Soil Temperature 40 cm,3F4D90_v4_soiltemp4,61556c5e81bc44151ea09099,HAU - Haumoana
61556c5e81bc4426d8a0917c,Soil Temperature 30 cm,3F4D90_v4_soiltemp3,61556c5e81bc44151ea09099,HAU - Haumoana
61556c5e81bc44983ba0917e,Soil Temperature 80 cm,3F4D90_v4_soiltemp8,61556c5e81bc44151ea09099,HAU - Haumoana
61556c5e81bc44357ba09180,Soil Temperature 70 cm,3F4D90_v4_soiltemp7,61556c5e81bc44151ea09099,HAU - Haumoana
61556c5e81bc442402a09182,Battery Volts,3F4D90_v4_bv,61556c5e81bc44151ea09099,HAU - Haumoana
61556c5e81bc44320ea09185,Richardson Chill Units,haumoana_rcu,61556c5e81bc44151ea09099,HAU - Haumoana
61556c5e81bc445a72a0918a,GDD Base 10,haumoana_gdd_10,61556c5e81bc44151ea09099,HAU - Haumoana
61556c5e81bc44cb6fa0918c,Basic Chill Units,haumoana_bcu,61556c5e81bc44151ea09099,HAU - Haumoana
61556d7281bc444f55a1fdee,Air Temperature,3F820F_v4_temp1,61556d7281bc441764a1fd20,LROL - Lawn Road
61556d7281bc44ef89a1fdf0,Leaf Wetness,3F820F_v4_an,61556d7281bc441764a1fd20,LROL - Lawn Road
61556d7281bc4405fda1fdf2,Rain - Total,3F820F_v4_raintotal,61556d7281bc441764a1fd20,LROL - Lawn Road
61556d7281bc44638da1fdf4,Soil Moisture 10 cm,3F820F_v4_soil1,61556d7281bc441764a1fd20,LROL - Lawn Road
61556d7281bc447effa1fdf6,Soil Moisture 20 cm,3F820F_v4_soil2,61556d7281bc441764a1fd20,LROL - Lawn Road
61556d7281bc44dcaea1fdf8,Soil Moisture 30 cm,3F820F_v4_soil3,61556d7281bc441764a1fd20,LROL - Lawn Road
61556d7281bc443e04a1fdfb,Soil Moisture 60 cm,3F820F_v4_soil6,61556d7281bc441764a1fd20,LROL - Lawn Road
61556d7381bc44ecc3a1fe02,Soil Temperature 20 cm,3F820F_v4_soiltemp2,61556d7281bc441764a1fd20,LROL - Lawn Road
61556d7381bc444594a1fe06,Soil Moisture 40 cm,3F820F_v4_soil4,61556d7281bc441764a1fd20,LROL - Lawn Road
61556d7381bc4426eda1fe0b,Soil Temperature 50 cm,3F820F_v4_soiltemp5,61556d7281bc441764a1fd20,LROL - Lawn Road
61556d7281bc4420a8a1fdfe,Soil Moisture 70 cm,3F820F_v4_soil7,61556d7281bc441764a1fd20,LROL - Lawn Road
61556d7381bc440ba7a1fe00,Soil Temperature 10 cm,3F820F_v4_soiltemp1,61556d7281bc441764a1fd20,LROL - Lawn Road
61556d7381bc448613a1fe08,Soil Temperature 60 cm,3F820F_v4_soiltemp6,61556d7281bc441764a1fd20,LROL - Lawn Road
61556d7381bc445167a1fe04,Soil Moisture 80 cm,3F820F_v4_soil8,61556d7281bc441764a1fd20,LROL - Lawn Road
61556d7381bc44f599a1fe11,Soil Temperature 40 cm,3F820F_v4_soiltemp4,61556d7281bc441764a1fd20,LROL - Lawn Road
61556d7381bc44a9b3a1fe0d,Soil Moisture 50 cm,3F820F_v4_soil5,61556d7281bc441764a1fd20,LROL - Lawn Road
61556d7381bc44d099a1fe18,Soil Temperature 70 cm,3F820F_v4_soiltemp7,61556d7281bc441764a1fd20,LROL - Lawn Road
61556d7381bc445681a1fe13,Soil Temperature 30 cm,3F820F_v4_soiltemp3,61556d7281bc441764a1fd20,LROL - Lawn Road
61556d7381bc448c5ba1fe15,Soil Temperature 80 cm,3F820F_v4_soiltemp8,61556d7281bc441764a1fd20,LROL - Lawn Road
61556d7381bc445b91a1fe1a,Battery Volts,3F820F_v4_bv,61556d7281bc441764a1fd20,LROL - Lawn Road
61556d7381bc44ef00a1fe20,Richardson Chill Units,lawnrd_rcu,61556d7281bc441764a1fd20,LROL - Lawn Road
61556d7381bc446af6a1fe25,GDD Base 10,lawnrd_gdd_10,61556d7281bc441764a1fd20,LROL - Lawn Road
61556d7381bc44fe6da1fe28,Basic Chill Units,lawnrd_bcu,61556d7281bc441764a1fd20,LROL - Lawn Road
6155758681bc44598cad5ee3,Average Temp,HAU_summaryaverageTemp,61556c5e81bc44151ea09099,HAU - Haumoana
6155758681bc440823ad5ef8,Infection Percent,HAU_infectionpct,61556c5e81bc44151ea09099,HAU - Haumoana
6155758681bc442b04ad5ef2,Available Spores,HAU_availableSporesNextEvent,61556c5e81bc44151ea09099,HAU - Haumoana
6155758681bc44442bad5eef,Total Remaining Spores,HAU_totalSpores,61556c5e81bc44151ea09099,HAU - Haumoana
6155758681bc448251ad5ee0,Infection Progress,HAU_blackspot,61556c5e81bc44151ea09099,HAU - Haumoana
6155758681bc44d9c7ad5edd,Rain,HAU_summaryrainDuringInfection,61556c5e81bc44151ea09099,HAU - Haumoana
6155758681bc44158ead5efe,Infection %,HAU_summaryinfectionpct,61556c5e81bc44151ea09099,HAU - Haumoana
6155758681bc4420d8ad5efb,Released Spores this Event,HAU_releasedSporesThisEvent,61556c5e81bc44151ea09099,HAU - Haumoana
6155758681bc441d74ad5ee6,Duration,HAU_summaryinfectionDuration,61556c5e81bc44151ea09099,HAU - Haumoana
6155758681bc44eab4ad5ef5,Curent Event Duration,HAU_infectionDuration,61556c5e81bc44151ea09099,HAU - Haumoana
6155758681bc442a6bad5eec,Rain in Progress,HAU_rainDuringInfection,61556c5e81bc44151ea09099,HAU - Haumoana
6155758681bc44150dad5ee9,Spore Release,HAU_summaryreleasedSporesThisEvent,61556c5e81bc44151ea09099,HAU - Haumoana
6155879f81bc4431d0c59f80,Total Remaining Spores,LRD_totalSpores,61556d7281bc441764a1fd20,LROL - Lawn Road
6155879f81bc4400aac59f89,Infection Percent,LRD_infectionpct,61556d7281bc441764a1fd20,LROL - Lawn Road
6155879f81bc44d1aec59f8f,Infection %,LRD_summaryinfectionpct,61556d7281bc441764a1fd20,LROL - Lawn Road
6155879f81bc447965c59f71,Infection Progress,LRD_blackspot,61556d7281bc441764a1fd20,LROL - Lawn Road
6155879f81bc446289c59f86,Curent Event Duration,LRD_infectionDuration,61556d7281bc441764a1fd20,LROL - Lawn Road
6155879f81bc44f440c59f74,Average Temp,LRD_summaryaverageTemp,61556d7281bc441764a1fd20,LROL - Lawn Road
6155879f81bc4446bdc59f8c,Released Spores this Event,LRD_releasedSporesThisEvent,61556d7281bc441764a1fd20,LROL - Lawn Road
6155879f81bc4431abc59f83,Available Spores,LRD_availableSporesNextEvent,61556d7281bc441764a1fd20,LROL - Lawn Road
6155879f81bc44f92ac59f77,Duration,LRD_summaryinfectionDuration,61556d7281bc441764a1fd20,LROL - Lawn Road
6155879f81bc448480c59f7a,Spore Release,LRD_summaryreleasedSporesThisEvent,61556d7281bc441764a1fd20,LROL - Lawn Road
6155879f81bc443c63c59f7d,Rain in Progress,LRD_rainDuringInfection,61556d7281bc441764a1fd20,LROL - Lawn Road
6155879f81bc44af80c59f6e,Rain,LRD_summaryrainDuringInfection,61556d7281bc441764a1fd20,LROL - Lawn Road
615a268456fd99b98d05fa91,Air Temperature,435080_C1_temp,615a268456fd991b8805f9ce,Steel
615a268456fd99120405fa96,Leaf Wetness,435080_C1_an,615a268456fd991b8805f9ce,Steel
615a268456fd993d6c05fa9a,Rain - Total,435080_C1_digi1,615a268456fd991b8805f9ce,Steel
615a268456fd9944da05fa9c,Soil Moisture 10 cm,435080_C1_soil1,615a268456fd991b8805f9ce,Steel
615a268456fd9990fd05fa9f,Soil Moisture 20 cm,435080_C1_soil2,615a268456fd991b8805f9ce,Steel
615a268456fd99e2ce05faa4,Soil Moisture 30 cm,435080_C1_soil3,615a268456fd991b8805f9ce,Steel
615a268456fd995df305faac,Soil Temperature 10 cm,435080_C1_soiltemp1,615a268456fd991b8805f9ce,Steel
615a268456fd998bf605faae,Soil Temperature 20 cm,435080_C1_soiltemp2,615a268456fd991b8805f9ce,Steel
615a268456fd995e3805fab6,Soil Moisture 40 cm,435080_C1_soil4,615a268456fd991b8805f9ce,Steel
615a268456fd995ce305fac7,Soil Temperature 40 cm,435080_C1_soiltemp4,615a268456fd991b8805f9ce,Steel
615a268456fd99063b05fac9,Soil Temperature 30 cm,435080_C1_soiltemp3,615a268456fd991b8805f9ce,Steel
615a268456fd99765705fad6,Battery Volts,435080_C1_bv,615a268456fd991b8805f9ce,Steel
615a268456fd995e1505fad8,Richardson Chill Units,steel_rcu,615a268456fd991b8805f9ce,Steel
615a268456fd99394405fadb,GDD Base 10,steel_gdd_10,615a268456fd991b8805f9ce,Steel
615a268456fd996a3305fade,Basic Chill Units,steel_bcu,615a268456fd991b8805f9ce,Steel
615a268456fd99866c05faee,Average Temp,STL_summaryaverageTemp,615a268456fd991b8805f9ce,Steel
615a268456fd997cbc05faf3,Spore Release,STL_summaryreleasedSporesThisEvent,615a268456fd991b8805f9ce,Steel
615a268456fd9982d905fae6,Infection Percent,STL_infectionpct,615a268456fd991b8805f9ce,Steel
615a268456fd99131c05faf5,Released Spores this Event,STL_releasedSporesThisEvent,615a268456fd991b8805f9ce,Steel
615a268456fd99f41a05faf9,Rain in Progress,STL_rainDuringInfection,615a268456fd991b8805f9ce,Steel
615a268456fd996acb05fafb,Duration,STL_summaryinfectionDuration,615a268456fd991b8805f9ce,Steel
615a268456fd9982ae05fafe,Curent Event Duration,STL_infectionDuration,615a268456fd991b8805f9ce,Steel
615a268456fd99274305fb05,Total Remaining Spores,STL_totalSpores,615a268456fd991b8805f9ce,Steel
615a268456fd9985b005fb07,Available Spores,STL_availableSporesNextEvent,615a268456fd991b8805f9ce,Steel
615a268456fd99342105fb0a,Infection Progress,STL_blackspot,615a268456fd991b8805f9ce,Steel
615a268456fd99603a05fb0f,Infection %,STL_summaryinfectionpct,615a268456fd991b8805f9ce,Steel
615a268456fd99a1c905fb11,Rain,STL_summaryrainDuringInfection,615a268456fd991b8805f9ce,Steel
615dfe414566b166997748bf,Air Temperature,3F4D12_v4_temp1,615dfe414566b1757e774806,RRD - Raukawa
615dfe414566b16a107748c1,Leaf Wetness,3F4D12_v4_an,615dfe414566b1757e774806,RRD - Raukawa
615dfe414566b1ae867748c3,Rain - Total,3F4D12_v4_raintotal,615dfe414566b1757e774806,RRD - Raukawa
615dfe414566b1c5ca7748c5,Soil Moisture 10 cm,3F4D12_v4_soil1,615dfe414566b1757e774806,RRD - Raukawa
615dfe414566b1c4347748c7,Soil Moisture 20 cm,3F4D12_v4_soil2,615dfe414566b1757e774806,RRD - Raukawa
615dfe414566b1331c7748c9,Soil Moisture 30 cm,3F4D12_v4_soil3,615dfe414566b1757e774806,RRD - Raukawa
615dfe414566b1d00c7748d1,Soil Temperature 10 cm,3F4D12_v4_soiltemp1,615dfe414566b1757e774806,RRD - Raukawa
615dfe414566b10eee7748d7,Soil Moisture 40 cm,3F4D12_v4_soil4,615dfe414566b1757e774806,RRD - Raukawa
615dfe414566b178977748d3,Soil Temperature 20 cm,3F4D12_v4_soiltemp2,615dfe414566b1757e774806,RRD - Raukawa
615dfe414566b1e12a7748df,Soil Temperature 40 cm,3F4D12_v4_soiltemp4,615dfe414566b1757e774806,RRD - Raukawa
615dfe414566b136d57748e7,Battery Volts,3F4D12_v4_bv,615dfe414566b1757e774806,RRD - Raukawa
615dfe414566b1f8937748eb,GDD Base 10,raukawa_gdd_10,615dfe414566b1757e774806,RRD - Raukawa
615dfe414566b124ff7748e1,Soil Temperature 30 cm,3F4D12_v4_soiltemp3,615dfe414566b1757e774806,RRD - Raukawa
615dfe414566b13dd37748e9,Richardson Chill Units,raukawa_rcu,615dfe414566b1757e774806,RRD - Raukawa
615dfe414566b15a147748ed,Basic Chill Units,raukawa_bcu,615dfe414566b1757e774806,RRD - Raukawa
615dfe414566b100497748f1,Infection Percent,RRD_infectionpct,615dfe414566b1757e774806,RRD - Raukawa
615dfe414566b14a857748f5,Average Temp,RRD_summaryaverageTemp,615dfe414566b1757e774806,RRD - Raukawa
615dfe414566b14d697748f7,Spore Release,RRD_summaryreleasedSporesThisEvent,615dfe414566b1757e774806,RRD - Raukawa
615dfe414566b1124b7748f9,Released Spores this Event,RRD_releasedSporesThisEvent,615dfe414566b1757e774806,RRD - Raukawa
615dfe414566b162367748fd,Rain in Progress,RRD_rainDuringInfection,615dfe414566b1757e774806,RRD - Raukawa
615dfe414566b17fa77748ff,Duration,RRD_summaryinfectionDuration,615dfe414566b1757e774806,RRD - Raukawa
615dfe414566b131eb774901,Curent Event Duration,RRD_infectionDuration,615dfe414566b1757e774806,RRD - Raukawa
615dfe414566b17995774903,Total Remaining Spores,RRD_totalSpores,615dfe414566b1757e774806,RRD - Raukawa
615dfe414566b13b0e77490f,Rain,RRD_summaryrainDuringInfection,615dfe414566b1757e774806,RRD - Raukawa
615dfe414566b109d577490d,Infection %,RRD_summaryinfectionpct,615dfe414566b1757e774806,RRD - Raukawa
615dfe414566b18430774908,Infection Progress,RRD_blackspot,615dfe414566b1757e774806,RRD - Raukawa
615dfe414566b1ddad774905,Available Spores,RRD_availableSporesNextEvent,615dfe414566b1757e774806,RRD - Raukawa
615e14abfef2ff2893ecb6f7,Air Temperature,3F4D8A_v4_temp1,615e14abfef2ff5920ecb636,Manahi
615e14abfef2ff95d4ecb6f9,Leaf Wetness,3F4D8A_v4_an,615e14abfef2ff5920ecb636,Manahi
615e14abfef2ff327eecb6fb,Rain - Total,3F4D8A_v4_raintotal,615e14abfef2ff5920ecb636,Manahi
615e14abfef2ff322becb6fd,Soil Moisture 10 cm,3F4D8A_v4_soil1,615e14abfef2ff5920ecb636,Manahi
615e14abfef2ff8e02ecb6ff,Soil Moisture 20 cm,3F4D8A_v4_soil2,615e14abfef2ff5920ecb636,Manahi
615e14abfef2ffe510ecb702,Soil Moisture 30 cm,3F4D8A_v4_soil3,615e14abfef2ff5920ecb636,Manahi
615e14abfef2ff026decb709,Soil Temperature 10 cm,3F4D8A_v4_soiltemp1,615e14abfef2ff5920ecb636,Manahi
615e14abfef2ff7656ecb70b,Soil Temperature 20 cm,3F4D8A_v4_soiltemp2,615e14abfef2ff5920ecb636,Manahi
615e14abfef2ff7a51ecb70f,Soil Moisture 40 cm,3F4D8A_v4_soil4,615e14abfef2ff5920ecb636,Manahi
615e14abfef2ff43a4ecb71b,Soil Temperature 40 cm,3F4D8A_v4_soiltemp4,615e14abfef2ff5920ecb636,Manahi
615e14abfef2ff65b2ecb71d,Soil Temperature 30 cm,3F4D8A_v4_soiltemp3,615e14abfef2ff5920ecb636,Manahi
615e14abfef2ff75acecb723,Battery Volts,3F4D8A_v4_bv,615e14abfef2ff5920ecb636,Manahi
615e14abfef2ffc1d7ecb725,Richardson Chill Units,manahi_rcu,615e14abfef2ff5920ecb636,Manahi
615e14abfef2ffa1a2ecb727,GDD Base 10,manahi_gdd_10,615e14abfef2ff5920ecb636,Manahi
615e14abfef2ff1c48ecb72a,Basic Chill Units,manahi_bcu,615e14abfef2ff5920ecb636,Manahi
615e14abfef2ffa393ecb731,Infection Percent,MHI_infectionpct,615e14abfef2ff5920ecb636,Manahi
615e14abfef2ff39abecb735,Average Temp,MHI_summaryaverageTemp,615e14abfef2ff5920ecb636,Manahi
615e14abfef2ff608aecb737,Spore Release,MHI_summaryreleasedSporesThisEvent,615e14abfef2ff5920ecb636,Manahi
615e14abfef2ff5f1aecb739,Released Spores this Event,MHI_releasedSporesThisEvent,615e14abfef2ff5920ecb636,Manahi
615e14abfef2ff33d3ecb73d,Rain in Progress,MHI_rainDuringInfection,615e14abfef2ff5920ecb636,Manahi
615e14abfef2ff0758ecb740,Duration,MHI_summaryinfectionDuration,615e14abfef2ff5920ecb636,Manahi
615e14abfef2ff47abecb745,Curent Event Duration,MHI_infectionDuration,615e14abfef2ff5920ecb636,Manahi
615e14abfef2ff7889ecb747,Total Remaining Spores,MHI_totalSpores,615e14abfef2ff5920ecb636,Manahi
615e14abfef2ff9d9eecb749,Available Spores,MHI_availableSporesNextEvent,615e14abfef2ff5920ecb636,Manahi
615e14abfef2ffcf90ecb74b,Infection Progress,MHI_blackspot,615e14abfef2ff5920ecb636,Manahi
615e14abfef2ff2837ecb74d,Infection %,MHI_summaryinfectionpct,615e14abfef2ff5920ecb636,Manahi
615e14abfef2ff7f57ecb74f,Rain,MHI_summaryrainDuringInfection,615e14abfef2ff5920ecb636,Manahi
6168bb14cd9d2763d9e7267b,RH,None_None,6168bb14cd9d272f9ae72639,Steel
6168bb14cd9d275b27e7267d,Wind Speed,None_None,6168bb14cd9d272f9ae72639,Steel
6168bb14cd9d27bddde72681,Wind Gust,None_None,6168bb14cd9d272f9ae72639,Steel
6168bb14cd9d275f21e7267f,Wind Direction,None_None,6168bb14cd9d272f9ae72639,Steel
6168bb14cd9d274944e72683,Air Temperature - Above Canopy,None_None,6168bb14cd9d272f9ae72639,Steel
6168bb14cd9d274d36e72685,Pressure,None_None,6168bb14cd9d272f9ae72639,Steel
6168bb14cd9d27d9d9e72687,Battery Volts,None_None,6168bb14cd9d272f9ae72639,Steel
6169e282f0588432a9372138,RH,None_None,6169e282f058845aa43720eb,Crown
6169e282f05884a79537213b,Wind Speed,None_None,6169e282f058845aa43720eb,Crown
6169e282f05884c9c237213e,Wind Direction,None_None,6169e282f058845aa43720eb,Crown
6169e282f058845be0372140,Wind Gust,None_None,6169e282f058845aa43720eb,Crown
6169e282f058844f4b372142,Air Temperature - Above Canopy,None_None,6169e282f058845aa43720eb,Crown
6169e282f05884b83b372144,Pressure,None_None,6169e282f058845aa43720eb,Crown
6169e282f058842c0b372146,Battery Volts,None_None,6169e282f058845aa43720eb,Crown
616fe879b2f48821c7f6b83b,Air Temperature,3F6EA7_v4_temp1,616fe879b2f488035bf6b774,Pioneer
616fe879b2f488b74af6b83d,Leaf Wetness,3F6EA7_v4_an,616fe879b2f488035bf6b774,Pioneer
616fe879b2f488d63df6b83f,Rain - Total,3F6EA7_v4_raintotal,616fe879b2f488035bf6b774,Pioneer
616fe879b2f4889a31f6b841,Soil Moisture 10 cm,3F6EA7_v4_soil1,616fe879b2f488035bf6b774,Pioneer
616fe879b2f4883e61f6b843,Soil Moisture 20 cm,3F6EA7_v4_soil2,616fe879b2f488035bf6b774,Pioneer
616fe879b2f488c61df6b845,Soil Moisture 30 cm,3F6EA7_v4_soil3,616fe879b2f488035bf6b774,Pioneer
616fe879b2f4886f35f6b848,Soil Temperature 10 cm,3F6EA7_v4_soiltemp1,616fe879b2f488035bf6b774,Pioneer
616fe879b2f4886f01f6b84b,Soil Temperature 20 cm,3F6EA7_v4_soiltemp2,616fe879b2f488035bf6b774,Pioneer
616fe879b2f488fd10f6b84d,Soil Moisture 40 cm,3F6EA7_v4_soil4,616fe879b2f488035bf6b774,Pioneer
616fe879b2f488fdb3f6b851,Soil Temperature 30 cm,3F6EA7_v4_soiltemp3,616fe879b2f488035bf6b774,Pioneer
616fe879b2f488a6cff6b84f,Soil Temperature 40 cm,3F6EA7_v4_soiltemp4,616fe879b2f488035bf6b774,Pioneer
616fe879b2f488503cf6b857,GDD Base 10,pioneer_gdd_10,616fe879b2f488035bf6b774,Pioneer
616fe879b2f48831a1f6b855,Richardson Chill Units,pioneer_rcu,616fe879b2f488035bf6b774,Pioneer
616fe879b2f488d9d9f6b859,Basic Chill Units,pioneer_bcu,616fe879b2f488035bf6b774,Pioneer
616fe879b2f4883c03f6b861,Average Temp,PNR_summaryaverageTemp,616fe879b2f488035bf6b774,Pioneer
616fe879b2f4884c45f6b85d,Infection Percent,PNR_infectionpct,616fe879b2f488035bf6b774,Pioneer
616fe879b2f4886878f6b865,Released Spores this Event,PNR_releasedSporesThisEvent,616fe879b2f488035bf6b774,Pioneer
616fe879b2f4883b6bf6b863,Spore Release,PNR_summaryreleasedSporesThisEvent,616fe879b2f488035bf6b774,Pioneer
616fe879b2f48862d7f6b853,Battery Volts,3F6EA7_v4_bv,616fe879b2f488035bf6b774,Pioneer
616fe879b2f48852caf6b86b,Duration,PNR_summaryinfectionDuration,616fe879b2f488035bf6b774,Pioneer
616fe879b2f4880d8cf6b878,Infection %,PNR_summaryinfectionpct,616fe879b2f488035bf6b774,Pioneer
616fe879b2f4884facf6b870,Total Remaining Spores,PNR_totalSpores,616fe879b2f488035bf6b774,Pioneer
616fe879b2f488e152f6b872,Available Spores,PNR_availableSporesNextEvent,616fe879b2f488035bf6b774,Pioneer
616fe879b2f4886723f6b86d,Curent Event Duration,PNR_infectionDuration,616fe879b2f488035bf6b774,Pioneer
616fe879b2f488051df6b869,Rain in Progress,PNR_rainDuringInfection,616fe879b2f488035bf6b774,Pioneer
616fe879b2f488342af6b874,Infection Progress,PNR_blackspot,616fe879b2f488035bf6b774,Pioneer
616fe879b2f488ea78f6b87f,Wind Speed,None_None,616fe879b2f4887f28f6b817,Pioneer
616fe879b2f488520df6b883,Wind Gust,None_None,616fe879b2f4887f28f6b817,Pioneer
616fe879b2f4882292f6b87d,RH,None_None,616fe879b2f4887f28f6b817,Pioneer
616fe879b2f48810a9f6b87a,Rain,PNR_summaryrainDuringInfection,616fe879b2f488035bf6b774,Pioneer
616fe879b2f488e61af6b881,Wind Direction,None_None,616fe879b2f4887f28f6b817,Pioneer
616fe879b2f488f605f6b889,Pressure,None_None,616fe879b2f4887f28f6b817,Pioneer
616fe879b2f48868f2f6b88b,Battery Volts,None_None,616fe879b2f4887f28f6b817,Pioneer
616fe879b2f48816b6f6b886,Air Temperature - Above Canopy,None_None,616fe879b2f4887f28f6b817,Pioneer
616fe940b2f4887608f7a943,Air Temperature,3F81EF_v4_temp1,616fe940b2f488825ef7a885,Crown
616fe940b2f4887715f7a947,Rain - Total,3F81EF_v4_raintotal,616fe940b2f488825ef7a885,Crown
616fe940b2f48828f6f7a945,Leaf Wetness,3F81EF_v4_an,616fe940b2f488825ef7a885,Crown
616fe940b2f488284ff7a94a,Soil Moisture 10 cm,3F81EF_v4_soil1,616fe940b2f488825ef7a885,Crown
616fe940b2f4887e67f7a94d,Soil Moisture 20 cm,3F81EF_v4_soil2,616fe940b2f488825ef7a885,Crown
616fe940b2f4880bc1f7a94f,Soil Moisture 30 cm,3F81EF_v4_soil3,616fe940b2f488825ef7a885,Crown
616fe940b2f4882c2df7a951,Soil Temperature 10 cm,3F81EF_v4_soiltemp1,616fe940b2f488825ef7a885,Crown
616fe940b2f488713df7a953,Soil Temperature 20 cm,3F81EF_v4_soiltemp2,616fe940b2f488825ef7a885,Crown
616fe940b2f48801d5f7a957,Soil Temperature 40 cm,3F81EF_v4_soiltemp4,616fe940b2f488825ef7a885,Crown
616fe940b2f4885552f7a955,Soil Moisture 40 cm,3F81EF_v4_soil4,616fe940b2f488825ef7a885,Crown
616fe940b2f488af67f7a959,Soil Temperature 30 cm,3F81EF_v4_soiltemp3,616fe940b2f488825ef7a885,Crown
616fe940b2f4882f61f7a95b,Battery Volts,3F81EF_v4_bv,616fe940b2f488825ef7a885,Crown
616fe940b2f4880638f7a95d,Richardson Chill Units,crown_rcu,616fe940b2f488825ef7a885,Crown
616fe940b2f488ecb2f7a95f,GDD Base 10,crown_gdd_10,616fe940b2f488825ef7a885,Crown
616fe940b2f48845d1f7a961,Basic Chill Units,crown_bcu,616fe940b2f488825ef7a885,Crown
616fe940b2f488002bf7a965,Infection Percent,CWN_infectionpct,616fe940b2f488825ef7a885,Crown
616fe940b2f488ba6af7a96c,Spore Release,CWN_summaryreleasedSporesThisEvent,616fe940b2f488825ef7a885,Crown
616fe940b2f4880652f7a969,Average Temp,CWN_summaryaverageTemp,616fe940b2f488825ef7a885,Crown
616fe940b2f4881381f7a96f,Released Spores this Event,CWN_releasedSporesThisEvent,616fe940b2f488825ef7a885,Crown
616fe940b2f4880c41f7a973,Rain in Progress,CWN_rainDuringInfection,616fe940b2f488825ef7a885,Crown
616fe940b2f488de00f7a975,Duration,CWN_summaryinfectionDuration,616fe940b2f488825ef7a885,Crown
616fe940b2f4883670f7a977,Curent Event Duration,CWN_infectionDuration,616fe940b2f488825ef7a885,Crown
616fe940b2f488684bf7a979,Total Remaining Spores,CWN_totalSpores,616fe940b2f488825ef7a885,Crown
616fe940b2f488440ef7a97b,Available Spores,CWN_availableSporesNextEvent,616fe940b2f488825ef7a885,Crown
616fe940b2f4883500f7a97d,Infection Progress,CWN_blackspot,616fe940b2f488825ef7a885,Crown
616fe940b2f4880e60f7a97f,Infection %,CWN_summaryinfectionpct,616fe940b2f488825ef7a885,Crown
616fe940b2f488ca91f7a981,Rain,CWN_summaryrainDuringInfection,616fe940b2f488825ef7a885,Crown
6177191329443de9a519d00f,Soil Moisture 50 cm,3F6EA7_v4_soil5,616fe879b2f488035bf6b774,Pioneer
6177191329443db43b19d021,Soil Temperature 70 cm,3F6EA7_v4_soiltemp7,616fe879b2f488035bf6b774,Pioneer
6177191329443d2d0b19d024,Soil Temperature 80 cm,3F6EA7_v4_soiltemp8,616fe879b2f488035bf6b774,Pioneer
6177191329443d40d019d012,Soil Moisture 60 cm,3F6EA7_v4_soil6,616fe879b2f488035bf6b774,Pioneer
6177191329443d37c119d018,Soil Moisture 80 cm,3F6EA7_v4_soil8,616fe879b2f488035bf6b774,Pioneer
6177191329443ddb2319d01e,Soil Temperature 60 cm,3F6EA7_v4_soiltemp6,616fe879b2f488035bf6b774,Pioneer
6177191329443d52ab19d015,Soil Moisture 70 cm,3F6EA7_v4_soil7,616fe879b2f488035bf6b774,Pioneer
6177191329443d9c5b19d01b,Soil Temperature 50 cm,3F6EA7_v4_soiltemp5,616fe879b2f488035bf6b774,Pioneer
61771dd429443d0cc51e9532,Air Temperature,3F4C87_v4_temp1,61771dd429443d57b41e9476,Omahu
61771dd429443d6ea91e9535,Leaf Wetness,3F4C87_v4_an,61771dd429443d57b41e9476,Omahu
61771dd429443d74801e953a,Rain - Total,3F4C87_v4_raintotal,61771dd429443d57b41e9476,Omahu
61771dd429443d1eee1e953c,Soil Moisture 10 cm,3F4C87_v4_soil1,61771dd429443d57b41e9476,Omahu
61771dd429443d09c11e9540,Soil Moisture 30 cm,3F4C87_v4_soil3,61771dd429443d57b41e9476,Omahu
61771dd429443d08c11e953e,Soil Moisture 20 cm,3F4C87_v4_soil2,61771dd429443d57b41e9476,Omahu
61771dd429443db1fc1e9542,Soil Moisture 60 cm,3F4C87_v4_soil6,61771dd429443d57b41e9476,Omahu
61771dd429443dfa981e9547,Soil Temperature 10 cm,3F4C87_v4_soiltemp1,61771dd429443d57b41e9476,Omahu
61771dd429443d3cab1e9544,Soil Moisture 70 cm,3F4C87_v4_soil7,61771dd429443d57b41e9476,Omahu
61771dd429443d7ffa1e954c,Soil Temperature 20 cm,3F4C87_v4_soiltemp2,61771dd429443d57b41e9476,Omahu
61771dd429443d4fdb1e954e,Soil Moisture 80 cm,3F4C87_v4_soil8,61771dd429443d57b41e9476,Omahu
61771dd429443d46431e9550,Soil Moisture 40 cm,3F4C87_v4_soil4,61771dd429443d57b41e9476,Omahu
61771dd429443df3d51e9552,Soil Temperature 60 cm,3F4C87_v4_soiltemp6,61771dd429443d57b41e9476,Omahu
61771dd429443d40541e9555,Soil Temperature 50 cm,3F4C87_v4_soiltemp5,61771dd429443d57b41e9476,Omahu
61771dd429443d0c591e955c,Soil Temperature 40 cm,3F4C87_v4_soiltemp4,61771dd429443d57b41e9476,Omahu
61771dd429443d6fdc1e955a,Soil Moisture 50 cm,3F4C87_v4_soil5,61771dd429443d57b41e9476,Omahu
61771dd429443dd3e01e955e,Soil Temperature 30 cm,3F4C87_v4_soiltemp3,61771dd429443d57b41e9476,Omahu
61771dd429443d22dd1e9562,Soil Temperature 70 cm,3F4C87_v4_soiltemp7,61771dd429443d57b41e9476,Omahu
61771dd429443d9dcd1e9568,GDD Base 10,omahu_gdd_10,61771dd429443d57b41e9476,Omahu
61771dd429443d529f1e9566,Richardson Chill Units,omahu_rcu,61771dd429443d57b41e9476,Omahu
61771dd429443dce311e9560,Soil Temperature 80 cm,3F4C87_v4_soiltemp8,61771dd429443d57b41e9476,Omahu
61771dd429443d591a1e9564,Battery Volts,3F4C87_v4_bv,61771dd429443d57b41e9476,Omahu
61771dd429443d981b1e956a,Basic Chill Units,omahu_bcu,61771dd429443d57b41e9476,Omahu
61771dd429443d7ff91e9572,Infection Percent,OMH_infectionpct,61771dd429443d57b41e9476,Omahu
61771dd429443d15d81e9576,Average Temp,OMH_summaryaverageTemp,61771dd429443d57b41e9476,Omahu
61771dd429443d5c011e9579,Spore Release,OMH_summaryreleasedSporesThisEvent,61771dd429443d57b41e9476,Omahu
61771dd429443d622c1e957c,Released Spores this Event,OMH_releasedSporesThisEvent,61771dd429443d57b41e9476,Omahu
61771dd429443dc18a1e9580,Rain in Progress,OMH_rainDuringInfection,61771dd429443d57b41e9476,Omahu
61771dd429443da26e1e9583,Duration,OMH_summaryinfectionDuration,61771dd429443d57b41e9476,Omahu
61771dd429443d7de81e9585,Curent Event Duration,OMH_infectionDuration,61771dd429443d57b41e9476,Omahu
61771dd429443d22191e9587,Total Remaining Spores,OMH_totalSpores,61771dd429443d57b41e9476,Omahu
61771dd429443d6d751e958b,Infection Progress,OMH_blackspot,61771dd429443d57b41e9476,Omahu
61771dd429443d4e591e9589,Available Spores,OMH_availableSporesNextEvent,61771dd429443d57b41e9476,Omahu
61771dd429443df8101e958d,Infection %,OMH_summaryinfectionpct,61771dd429443d57b41e9476,Omahu
61771dd429443dabcb1e958f,Rain,OMH_summaryrainDuringInfection,61771dd429443d57b41e9476,Omahu
61961352110b710d280bf1c4,RH,None_None,61961352110b71e0a20bf10b,NRC
61961352110b719a5a0bf1c6,Wind Speed,None_None,61961352110b71e0a20bf10b,NRC
61961352110b71397e0bf1c8,Wind Direction,None_None,61961352110b71e0a20bf10b,NRC
61961352110b716b190bf1ca,Wind Gust,None_None,61961352110b71e0a20bf10b,NRC
61961352110b717dbe0bf1cc,Air Temperature,nrc_air_temp,61961352110b71e0a20bf10b,NRC
61961352110b7153810bf1ce,Pressure,None_None,61961352110b71e0a20bf10b,NRC
61961352110b71b7880bf1d0,Battery Volts,None_None,61961352110b71e0a20bf10b,NRC
61961453110b716a5e0c458b,Rain - Last Reading,rockit_nrc_rain,61961352110b71e0a20bf10b,NRC
619c417ea35274b7c784a03d,Air Temperature,434889_C1_temp,619c417ea352745be4849fe2,Valley Road 1
619c417ea352743b5184a041,Soil Moisture 10 cm,434889_C1_soil1,619c417ea352745be4849fe2,Valley Road 1
619c417ea352742ef984a043,Soil Moisture 20 cm,434889_C1_soil2,619c417ea352745be4849fe2,Valley Road 1
619c417ea35274dad284a045,Soil Moisture 30 cm,434889_C1_soil3,619c417ea352745be4849fe2,Valley Road 1
619c417ea3527439eb84a047,Soil Temperature 10 cm,434889_C1_soiltemp1,619c417ea352745be4849fe2,Valley Road 1
619c417ea352743ee784a04b,Soil Moisture 40 cm,434889_C1_soil4,619c417ea352745be4849fe2,Valley Road 1
619c417ea352746ff184a049,Soil Temperature 20 cm,434889_C1_soiltemp2,619c417ea352745be4849fe2,Valley Road 1
619c417ea352745f3784a04d,Soil Temperature 40 cm,434889_C1_soiltemp4,619c417ea352745be4849fe2,Valley Road 1
619c417ea35274afce84a04f,Soil Temperature 30 cm,434889_C1_soiltemp3,619c417ea352745be4849fe2,Valley Road 1
619c417ea35274bc3884a051,Battery Volts,434889_C1_bv,619c417ea352745be4849fe2,Valley Road 1
619c417ea352740a9d84a053,Richardson Chill Units,vlyrd1_rcu,619c417ea352745be4849fe2,Valley Road 1
619c417ea35274cbf784a055,GDD Base 10,vlyrd1_gdd_10,619c417ea352745be4849fe2,Valley Road 1
619c417ea35274756684a057,Basic Chill Units,vlyrd1_bcu,619c417ea352745be4849fe2,Valley Road 1
619c417ea35274142484a059,Soil Moisture 70 cm,434889_C1_soil7,619c417ea352745be4849fe2,Valley Road 1
619c417ea35274596f84a05b,Soil Moisture 80 cm,434889_C1_soil8,619c417ea352745be4849fe2,Valley Road 1
619c417ea35274601284a05d,Soil Moisture 60 cm,434889_C1_soil6,619c417ea352745be4849fe2,Valley Road 1
619c417ea35274ea7484a05f,Soil Temperature 80 cm,434889_C1_soiltemp8,619c417ea352745be4849fe2,Valley Road 1
619c417ea3527439d084a061,Soil Temperature 60 cm,434889_C1_soiltemp6,619c417ea352745be4849fe2,Valley Road 1
619c417ea3527471f284a063,Soil Temperature 50 cm,434889_C1_soiltemp5,619c417ea352745be4849fe2,Valley Road 1
619c417ea3527432dd84a065,Soil Moisture 50 cm,434889_C1_soil5,619c417ea352745be4849fe2,Valley Road 1
619c417ea35274109984a067,Soil Temperature 70 cm,434889_C1_soiltemp7,619c417ea352745be4849fe2,Valley Road 1
619c440da35274673585ce8c,Rain - Total,434889_C1_digi1,619c417ea352745be4849fe2,Valley Road 1
619d5a5bec7bbf660500c484,Air Temperature,432897_C1_temp,619d5a5bec7bbfd8ed00c421,Valley Road 2
619d5a5bec7bbf40b200c487,Leaf Wetness,432897_C1_an,619d5a5bec7bbfd8ed00c421,Valley Road 2
619d5a5cec7bbf596600c48b,Soil Moisture 10 cm,432897_C1_soil1,619d5a5bec7bbfd8ed00c421,Valley Road 2
619d5a5cec7bbf54ce00c491,Soil Moisture 20 cm,432897_C1_soil2,619d5a5bec7bbfd8ed00c421,Valley Road 2
619d5a5cec7bbf344000c493,Soil Moisture 30 cm,432897_C1_soil3,619d5a5bec7bbfd8ed00c421,Valley Road 2
619d5a5cec7bbfca6d00c495,Soil Temperature 10 cm,432897_C1_soiltemp1,619d5a5bec7bbfd8ed00c421,Valley Road 2
619d5a5cec7bbf8d3100c497,Soil Temperature 20 cm,432897_C1_soiltemp2,619d5a5bec7bbfd8ed00c421,Valley Road 2
619d5a5cec7bbf321900c499,Soil Moisture 40 cm,432897_C1_soil4,619d5a5bec7bbfd8ed00c421,Valley Road 2
619d5a5cec7bbfddf200c49b,Soil Temperature 40 cm,432897_C1_soiltemp4,619d5a5bec7bbfd8ed00c421,Valley Road 2
619d5a5cec7bbf466600c49d,Soil Temperature 30 cm,432897_C1_soiltemp3,619d5a5bec7bbfd8ed00c421,Valley Road 2
619d5a5cec7bbf567000c49f,Battery Volts,432897_C1_bv,619d5a5bec7bbfd8ed00c421,Valley Road 2
619d5a5cec7bbfd10c00c4a1,Richardson Chill Units,vlyrd2_rcu,619d5a5bec7bbfd8ed00c421,Valley Road 2
619d5a5cec7bbfc42400c4a3,GDD Base 10,vlyrd2_gdd_10,619d5a5bec7bbfd8ed00c421,Valley Road 2
619d5a5cec7bbf060100c4a5,Basic Chill Units,vlyrd2_bcu,619d5a5bec7bbfd8ed00c421,Valley Road 2
619d5a5cec7bbf3be300c4a7,Soil Moisture 70 cm,432897_C1_soil7,619d5a5bec7bbfd8ed00c421,Valley Road 2
619d5a5cec7bbfaff900c4a9,Soil Moisture 80 cm,432897_C1_soil8,619d5a5bec7bbfd8ed00c421,Valley Road 2
619d5a5cec7bbf8a0b00c4ab,Soil Moisture 60 cm,432897_C1_soil6,619d5a5bec7bbfd8ed00c421,Valley Road 2
619d5a5cec7bbff95700c4ad,Soil Temperature 80 cm,432897_C1_soiltemp8,619d5a5bec7bbfd8ed00c421,Valley Road 2
619d5a5cec7bbf734100c4af,Soil Temperature 60 cm,432897_C1_soiltemp6,619d5a5bec7bbfd8ed00c421,Valley Road 2
619d5a5cec7bbfb01800c4b1,Soil Temperature 50 cm,432897_C1_soiltemp5,619d5a5bec7bbfd8ed00c421,Valley Road 2
619d5a5cec7bbf5dab00c4b3,Soil Moisture 50 cm,432897_C1_soil5,619d5a5bec7bbfd8ed00c421,Valley Road 2
619d5a5cec7bbf971500c4b5,Soil Temperature 70 cm,432897_C1_soiltemp7,619d5a5bec7bbfd8ed00c421,Valley Road 2
619d5b16ec7bbf487d00ef8b,Air Temperature,434661_C1_temp,619d5b16ec7bbf153700ef2b,Valley Road 3
619d5b16ec7bbf31f000ef91,Soil Moisture 10 cm,434661_C1_soil1,619d5b16ec7bbf153700ef2b,Valley Road 3
619d5b16ec7bbf28c400ef93,Soil Moisture 20 cm,434661_C1_soil2,619d5b16ec7bbf153700ef2b,Valley Road 3
619d5b16ec7bbfcda300ef95,Soil Moisture 30 cm,434661_C1_soil3,619d5b16ec7bbf153700ef2b,Valley Road 3
619d5b16ec7bbf660600ef97,Soil Temperature 10 cm,434661_C1_soiltemp1,619d5b16ec7bbf153700ef2b,Valley Road 3
619d5b16ec7bbfcd3300ef99,Soil Temperature 20 cm,434661_C1_soiltemp2,619d5b16ec7bbf153700ef2b,Valley Road 3
619d5b16ec7bbf8d4e00ef9b,Soil Moisture 40 cm,434661_C1_soil4,619d5b16ec7bbf153700ef2b,Valley Road 3
619d5b16ec7bbff4d500ef9e,Soil Temperature 40 cm,434661_C1_soiltemp4,619d5b16ec7bbf153700ef2b,Valley Road 3
619d5b16ec7bbf7f7f00efa0,Soil Temperature 30 cm,434661_C1_soiltemp3,619d5b16ec7bbf153700ef2b,Valley Road 3
619d5b16ec7bbf1dc600efa2,Battery Volts,434661_C1_bv,619d5b16ec7bbf153700ef2b,Valley Road 3
619d5b16ec7bbf4deb00efa4,Richardson Chill Units,vlyrd3_rcu,619d5b16ec7bbf153700ef2b,Valley Road 3
619d5b16ec7bbf4ae700efa6,GDD Base 10,vlyrd3_gdd_10,619d5b16ec7bbf153700ef2b,Valley Road 3
619d5b16ec7bbf095c00efa8,Basic Chill Units,vlyrd3_bcu,619d5b16ec7bbf153700ef2b,Valley Road 3
619d5b16ec7bbf1d9600efba,Rain - Total,434661_C1_digi1,619d5b16ec7bbf153700ef2b,Valley Road 3
62980de9ec806a080064feab,Basic Chill Units,nrc_bcu,61961352110b71e0a20bf10b,NRC
62980de9ec806a080064feb1,Growing Degree Days,nrc_gdd_10,61961352110b71e0a20bf10b,NRC
62980de9ec806a080064feae,Richardson Chill Units,nrc_rcu,61961352110b71e0a20bf10b,NRC
629ef8cf14d0e15c7baafe25,RH,None_None,629ef8cf14d0e15c7baafddb,Gisborne
629ef8cf14d0e15c7baafe27,Wind Speed,None_None,629ef8cf14d0e15c7baafddb,Gisborne
629ef8cf14d0e15c7baafe29,Wind Direction,None_None,629ef8cf14d0e15c7baafddb,Gisborne
629ef8cf14d0e15c7baafe2b,Wind Gust,None_None,629ef8cf14d0e15c7baafddb,Gisborne
629ef8cf14d0e15c7baafe2e,Air Temperature - Above Canopy,None_None,629ef8cf14d0e15c7baafddb,Gisborne
629ef8cf14d0e15c7baafe30,Pressure,None_None,629ef8cf14d0e15c7baafddb,Gisborne
629ef8cf14d0e15c7baafe32,Battery Volts,None_None,629ef8cf14d0e15c7baafddb,Gisborne
629ef8cf14d0e15c7baafe43,Growing Degree Days,None_None,629ef8cf14d0e15c7baafddb,Gisborne
62a1538a7b840324c74d6f96,Air Temperature,435223_C1_temp,62a1538a7b840324c74d6efe,Gisborne
62a1538a7b840324c74d6f99,Leaf Wetness,435223_C1_an,62a1538a7b840324c74d6efe,Gisborne
62a1538a7b840324c74d6f9c,Rain - Total,435223_C1_digi1,62a1538a7b840324c74d6efe,Gisborne
62a1538a7b840324c74d6f9e,Soil Moisture 10 cm,435223_C1_soil1,62a1538a7b840324c74d6efe,Gisborne
62a1538a7b840324c74d6fa0,Soil Moisture 20 cm,435223_C1_soil2,62a1538a7b840324c74d6efe,Gisborne
62a1538a7b840324c74d6fa2,Soil Moisture 30 cm,435223_C1_soil3,62a1538a7b840324c74d6efe,Gisborne
62a1538a7b840324c74d6fa4,Soil Moisture 60 cm,435223_C1_soil6,62a1538a7b840324c74d6efe,Gisborne
62a1538a7b840324c74d6fa7,Soil Moisture 70 cm,435223_C1_soil7,62a1538a7b840324c74d6efe,Gisborne
62a1538a7b840324c74d6fac,Soil Temperature 10 cm,435223_C1_soiltemp1,62a1538a7b840324c74d6efe,Gisborne
62a1538a7b840324c74d6fae,Soil Temperature 20 cm,435223_C1_soiltemp2,62a1538a7b840324c74d6efe,Gisborne
62a1538a7b840324c74d6fb0,Soil Moisture 80 cm,435223_C1_soil8,62a1538a7b840324c74d6efe,Gisborne
62a1538a7b840324c74d6fb2,Soil Moisture 40 cm,435223_C1_soil4,62a1538a7b840324c74d6efe,Gisborne
62a1538a7b840324c74d6fb4,Soil Temperature 60 cm,435223_C1_soiltemp6,62a1538a7b840324c74d6efe,Gisborne
62a1538a7b840324c74d6fb6,Soil Temperature 50 cm,435223_C1_soiltemp5,62a1538a7b840324c74d6efe,Gisborne
62a1538a7b840324c74d6fb8,Soil Moisture 50 cm,435223_C1_soil5,62a1538a7b840324c74d6efe,Gisborne
62a1538a7b840324c74d6fba,Soil Temperature 40 cm,435223_C1_soiltemp4,62a1538a7b840324c74d6efe,Gisborne
62a1538a7b840324c74d6fbc,Soil Temperature 30 cm,435223_C1_soiltemp3,62a1538a7b840324c74d6efe,Gisborne
62a1538a7b840324c74d6fbe,Soil Temperature 80 cm,435223_C1_soiltemp8,62a1538a7b840324c74d6efe,Gisborne
62a1538a7b840324c74d6fc0,Soil Temperature 70 cm,435223_C1_soiltemp7,62a1538a7b840324c74d6efe,Gisborne
62a1538a7b840324c74d6fc2,Battery Volts,435223_C1_bv,62a1538a7b840324c74d6efe,Gisborne
62a1538a7b840324c74d6fc4,Richardson Chill Units,rockitgis_rcu,62a1538a7b840324c74d6efe,Gisborne
62a1538a7b840324c74d6fc6,GDD Base 10,rockitgis_gdd_10,62a1538a7b840324c74d6efe,Gisborne
62a1538a7b840324c74d6fc8,Basic Chill Units,rockitgis_bcu,62a1538a7b840324c74d6efe,Gisborne
62a1538a7b840324c74d6fcc,Infection Percent,RGS_infectionpct,62a1538a7b840324c74d6efe,Gisborne
62a1538a7b840324c74d6fce,Average Temp,RGS_summaryaverageTemp,62a1538a7b840324c74d6efe,Gisborne
62a1538a7b840324c74d6fd0,Available Spores,RGS_availableSporesNextEvent,62a1538a7b840324c74d6efe,Gisborne
62a1538a7b840324c74d6fd2,Total Remaining Spores,RGS_totalSpores,62a1538a7b840324c74d6efe,Gisborne
62a1538a7b840324c74d6fd4,Infection Progress,RGS_blackspot,62a1538a7b840324c74d6efe,Gisborne
62a1538a7b840324c74d6fd8,Rain,RGS_summaryrainDuringInfection,62a1538a7b840324c74d6efe,Gisborne
62a1538a7b840324c74d6fda,Duration,RGS_summaryinfectionDuration,62a1538a7b840324c74d6efe,Gisborne
62a1538a7b840324c74d6fdc,Infection %,RGS_summaryinfectionpct,62a1538a7b840324c74d6efe,Gisborne
62a1538a7b840324c74d6fde,Curent Event Duration,RGS_infectionDuration,62a1538a7b840324c74d6efe,Gisborne
62a1538a7b840324c74d6fe0,Rain in Progress,RGS_rainDuringInfection,62a1538a7b840324c74d6efe,Gisborne
62a1538a7b840324c74d6fe2,Released Spores this Event,RGS_releasedSporesThisEvent,62a1538a7b840324c74d6efe,Gisborne
62a1538a7b840324c74d6fe6,Spore Release,RGS_summaryreleasedSporesThisEvent,62a1538a7b840324c74d6efe,Gisborne
62de4f0380a94fcaa9d8b100,Total Soil Moisture,3F820F_v4_soilsum,61556d7281bc441764a1fd20,LROL - Lawn Road
62dfc59c80a94fcaa984ccb2,Total Soil Moisture,3FA79B_v4_soilsum,616fe879b2f488035bf6b774,Pioneer
62e913913f59fd720aae8076,Total Soil Moisture,3F4C87_v4_soilsum,61771dd429443d57b41e9476,Omahu
62e915113f59fd720aaf1c13,Total Soil Moisture,3F4D8A_v4_soilsum,615e14abfef2ff5920ecb636,Manahi
6435d074c3d27e3a4d0fe1a0,Air Temperature,3F844C_v4_temp1,6435d074c3d27e3a4d0fe15b,Mana
6435d074c3d27e3a4d0fe1a2,Leaf Wetness,3F844C_v4_an,6435d074c3d27e3a4d0fe15b,Mana
6435d074c3d27e3a4d0fe1a4,Rain - Total,3F844C_v4_raintotal,6435d074c3d27e3a4d0fe15b,Mana
6435d074c3d27e3a4d0fe1a6,Soil Moisture 10 cm,3F844C_v4_soil1,6435d074c3d27e3a4d0fe15b,Mana
6435d074c3d27e3a4d0fe1a8,Soil Moisture 20 cm,3F844C_v4_soil2,6435d074c3d27e3a4d0fe15b,Mana
6435d074c3d27e3a4d0fe1aa,Soil Moisture 30 cm,3F844C_v4_soil3,6435d074c3d27e3a4d0fe15b,Mana
6435d074c3d27e3a4d0fe1ac,Soil Moisture 60 cm,3F844C_v4_soil6,6435d074c3d27e3a4d0fe15b,Mana
6435d074c3d27e3a4d0fe1ae,Soil Moisture 70 cm,3F844C_v4_soil7,6435d074c3d27e3a4d0fe15b,Mana
6435d074c3d27e3a4d0fe1b0,Soil Temperature 10 cm,3F844C_v4_soiltemp1,6435d074c3d27e3a4d0fe15b,Mana
6435d074c3d27e3a4d0fe1b2,Soil Temperature 20 cm,3F844C_v4_soiltemp2,6435d074c3d27e3a4d0fe15b,Mana
6435d074c3d27e3a4d0fe1b4,Soil Moisture 80 cm,3F844C_v4_soil8,6435d074c3d27e3a4d0fe15b,Mana
6435d074c3d27e3a4d0fe1b7,Soil Moisture 40 cm,3F844C_v4_soil4,6435d074c3d27e3a4d0fe15b,Mana
6435d074c3d27e3a4d0fe1b9,Soil Temperature 60 cm,3F844C_v4_soiltemp6,6435d074c3d27e3a4d0fe15b,Mana
6435d074c3d27e3a4d0fe1bb,Soil Temperature 50 cm,3F844C_v4_soiltemp5,6435d074c3d27e3a4d0fe15b,Mana
6435d074c3d27e3a4d0fe1bd,Soil Moisture 50 cm,3F844C_v4_soil5,6435d074c3d27e3a4d0fe15b,Mana
6435d074c3d27e3a4d0fe1bf,Soil Temperature 40 cm,3F844C_v4_soiltemp4,6435d074c3d27e3a4d0fe15b,Mana
6435d074c3d27e3a4d0fe1c1,Soil Temperature 30 cm,3F844C_v4_soiltemp3,6435d074c3d27e3a4d0fe15b,Mana
6435d074c3d27e3a4d0fe1c3,Soil Temperature 80 cm,3F844C_v4_soiltemp8,6435d074c3d27e3a4d0fe15b,Mana
6435d074c3d27e3a4d0fe1c5,Soil Temperature 70 cm,3F844C_v4_soiltemp7,6435d074c3d27e3a4d0fe15b,Mana
6435d074c3d27e3a4d0fe1c8,Battery Volts,3F844C_v4_bv,6435d074c3d27e3a4d0fe15b,Mana
6435d074c3d27e3a4d0fe1ca,Richardson Chill Units,mana_rcu,6435d074c3d27e3a4d0fe15b,Mana
6435d074c3d27e3a4d0fe1cc,GDD Base 10,mana_gdd_10,6435d074c3d27e3a4d0fe15b,Mana
6435d074c3d27e3a4d0fe1ce,Basic Chill Units,mana_bcu,6435d074c3d27e3a4d0fe15b,Mana
6435d074c3d27e3a4d0fe1d2,Infection Percent,MNA_infectionpct,6435d074c3d27e3a4d0fe15b,Mana
6435d074c3d27e3a4d0fe1d6,Average Temp,MNA_summaryaverageTemp,6435d074c3d27e3a4d0fe15b,Mana
6435d074c3d27e3a4d0fe1d8,Spore Release,MNA_summaryreleasedSporesThisEvent,6435d074c3d27e3a4d0fe15b,Mana
6435d074c3d27e3a4d0fe1da,Released Spores this Event,None_None,6435d074c3d27e3a4d0fe15b,Mana
6435d074c3d27e3a4d0fe1de,Rain in Progress,None_None,6435d074c3d27e3a4d0fe15b,Mana
6435d074c3d27e3a4d0fe1e0,Curent Event Duration,MNA_infectionDuration,6435d074c3d27e3a4d0fe15b,Mana
6435d074c3d27e3a4d0fe1e2,Duration,MNA_summaryinfectionDuration,6435d074c3d27e3a4d0fe15b,Mana
6435d074c3d27e3a4d0fe1e4,Total Remaining Spores,MNA_totalSpores,6435d074c3d27e3a4d0fe15b,Mana
6435d074c3d27e3a4d0fe1e6,Available Spores,MNA_availableSporesNextEvent,6435d074c3d27e3a4d0fe15b,Mana
6435d074c3d27e3a4d0fe1e8,Infection Progress,MNA_blackspot,6435d074c3d27e3a4d0fe15b,Mana
6435d074c3d27e3a4d0fe1ea,Infection %,MNA_summaryinfectionpct,6435d074c3d27e3a4d0fe15b,Mana
6435d074c3d27e3a4d0fe1ec,Rain,MNA_summaryrainDuringInfection,6435d074c3d27e3a4d0fe15b,Mana
64f7dad8ebdff4618bb2109a,Total Soil Moisture,3F4D12_v4_soilsum,615dfe414566b1757e774806,RRD - Raukawa
65014155ebdff4618bba03b2,Total Soil Moisture,3F81EF_v4_soilsum,616fe940b2f488825ef7a885,Crown
65025d6febdff4618b14ff6f,Total Soil Moisture,435223_C1_soilsum,62a1538a7b840324c74d6efe,Gisborne
65027104ebdff4618b1f0bb8,Total Soil Moisture,3F4D90_v4_soilsum,61556c5e81bc44151ea09099,HAU - Haumoana
6502753aebdff4618b203824,Total Soil Moisture,3F844C_v4_soilsum,6435d074c3d27e3a4d0fe15b,Mana
65028ddfebdff4618b314446,Total Soil Moisture,435080_C1_soilsum,615a268456fd991b8805f9ce,Steel
65029491ebdff4618b33a9c9,Total Soil Moisture,432897_C1_soilsum,619d5a5bec7bbfd8ed00c421,Valley Road 2
65029577ebdff4618b33f0f6,Total Soil Moisture,434889_C1_soilsum,619c417ea352745be4849fe2,Valley Road 1
6503c737ebdff4618b8f4955,Total Soil Moisture,434661_C1_soilsum,619d5b16ec7bbf153700ef2b,Valley Road 3
651af85285b6d716f425b1f9,Solar Radiation,435223_C1_an2,62a1538a7b840324c74d6efe,Gisborne
