rpin,property,Sector,visited_date,LBAM,Month
R1232,Rockit Raukawa,Havelock,12/07/2022,0,December
R1232,Rockit Raukawa,Havelock,12/07/2022,0,December
R1233,Rockit Te Aute North (TRN),Havelock,12/07/2022,0,December
R1233,Rockit Te Aute North (TRN),Havelock,12/07/2022,0,December
R2534,Rockit Stock Road South (SRS),Havelock,12/07/2022,0,December
R2534,Rockit Stock Road South (SRS),Havelock,12/07/2022,0,December
R2534,Rockit Stock Road South (SRS),Havelock,12/07/2022,0,December
R2668,Rockit Te Aute South (TRS),Havelock,12/07/2022,0,December
R2724,Rockit Omahu,Omahu,12/07/2022,0,December
R2724,Rockit Omahu,Omahu,12/07/2022,0,December
R2724,Rockit Omahu,Omahu,12/07/2022,0,December
R2724,Rockit Omahu,Omahu,12/07/2022,0,December
R2724,Rockit Omahu,Omahu,12/07/2022,0,December
R2724,Rockit Omahu,Omahu,12/07/2022,0,December
R1230,Rockit Home Block,Havelock,12/07/2022,0,December
R1230,Rockit Home Block,Havelock,12/07/2022,0,December
R2899,Rockit Lobb,Havelock,12/07/2022,0,December
R2899,Rockit Lobb,Havelock,12/07/2022,0,December
R2880,Rockit Manahi,Havelock,12/07/2022,0,December
R2880,Rockit Manahi,Havelock,12/07/2022,0,December
R2880,Rockit Manahi,Havelock,12/07/2022,0,December
R2880,Rockit Manahi,Havelock,12/07/2022,0,December
R2880,Rockit Manahi,Havelock,12/07/2022,0,December
R2880,Rockit Manahi,Havelock,12/07/2022,0,December
R2219,Rockit Longacre (RLA),Bridge Pa,12/07/2022,0,December
R1230,Rockit Home Block,Havelock,12/07/2022,0,December
R1230,Rockit Home Block,Havelock,12/07/2022,0,December
R1230,Rockit Home Block,Havelock,12/07/2022,0,December
R1230,Rockit Home Block,Havelock,12/07/2022,0,December
R2924,Rockit Crown,Omahu,12/07/2022,0,December
R2924,Rockit Crown,Omahu,12/07/2022,0,December
R2924,Rockit Crown,Omahu,12/07/2022,0,December
R2219,Rockit Longacre (RLA),Bridge Pa,12/07/2022,0,December
R2926,Rockit Mana,Bridge Pa,12/07/2022,0,December
R2926,Rockit Mana,Bridge Pa,12/07/2022,0,December
R2927,Rockit Mana 2,Bridge Pa,12/07/2022,0,December
R2927,Rockit Mana 2,Bridge Pa,12/07/2022,0,December
R2534,Rockit Stock Road South (SRS),Havelock,12/07/2022,0,December
R2534,Rockit Stock Road South (SRS),Havelock,12/07/2022,0,December
R2924,Rockit Crown,Omahu,12/07/2022,0,December
R2219,Rockit Longacre (RLA),Bridge Pa,12/07/2022,0,December
R1580,Rockit Pioneer,Valley,12/07/2022,0,December
R1580,Rockit Pioneer,Valley,12/07/2022,0,December
R1580,Rockit Pioneer,Valley,12/07/2022,0,December
R1580,Rockit Pioneer,Valley,12/07/2022,0,December
R1580,Rockit Pioneer,Valley,12/07/2022,0,December
R2919,Rockit Valley Road,Valley,12/07/2022,0,December
R2919,Rockit Valley Road,Valley,12/07/2022,0,December
R2919,Rockit Valley Road,Valley,12/07/2022,0,December
R2919,Rockit Valley Road,Valley,12/07/2022,0,December
R2919,Rockit Valley Road,Valley,12/07/2022,0,December
R2919,Rockit Valley Road,Valley,12/07/2022,0,December
R2919,Rockit Valley Road,Valley,12/07/2022,0,December
R2919,Rockit Valley Road,Valley,12/07/2022,0,December
R2919,Rockit Valley Road,Valley,12/07/2022,0,December
R2919,Rockit Valley Road,Valley,12/07/2022,0,December
R2919,Rockit Valley Road,Valley,12/07/2022,0,December
R2919,Rockit Valley Road,Valley,12/07/2022,0,December
R2919,Rockit Valley Road,Valley,12/07/2022,0,December
R2919,Rockit Valley Road,Valley,12/07/2022,0,December
R2919,Rockit Valley Road,Valley,12/07/2022,0,December
R2919,Rockit Valley Road,Valley,12/07/2022,0,December
R2919,Rockit Valley Road,Valley,12/07/2022,0,December
R2919,Rockit Valley Road,Valley,12/07/2022,0,December
R2919,Rockit Valley Road,Valley,12/07/2022,0,December
R2919,Rockit Valley Road,Valley,12/07/2022,0,December
R2946,Rockit Lowry Heretaunga,Omahu,12/07/2022,0,December
R2946,Rockit Lowry Heretaunga,Omahu,12/07/2022,0,December
R2946,Rockit Lowry Heretaunga,Omahu,12/07/2022,0,December
R2918,Rockit Lowry,Omahu,12/07/2022,0,December
R2918,Rockit Lowry,Omahu,12/07/2022,0,December
R2918,Rockit Lowry,Omahu,12/07/2022,0,December
R2918,Rockit Lowry,Omahu,12/07/2022,0,December
R2918,Rockit Lowry,Omahu,12/07/2022,0,December
R1936,Rockit Wharerangi,Puketapu,12/08/2022,0,December
R2636,Rockit Moteo Pa,Puketapu,12/08/2022,0,December
R2636,Rockit Moteo Pa,Puketapu,12/08/2022,0,December
R1936,Rockit Wharerangi,Puketapu,12/08/2022,0,December
R1936,Rockit Wharerangi,Puketapu,12/08/2022,0,December
R2150,Rockit Dartmoor Road,Puketapu,12/08/2022,0,December
R2150,Rockit Dartmoor Road,Puketapu,12/08/2022,0,December
R2879,Rockit Manzana,Puketapu,12/08/2022,0,December
R2879,Rockit Manzana,Puketapu,12/08/2022,0,December
R2879,Rockit Manzana,Puketapu,12/08/2022,0,December
R2879,Rockit Manzana,Puketapu,12/08/2022,0,December
R2886,Rockit Sim 2,Puketapu,12/08/2022,0,December
R2886,Rockit Sim 2,Puketapu,12/08/2022,0,December
R2901,Rockit Wharerangi 2,Puketapu,12/08/2022,0,December
R2901,Rockit Wharerangi 2,Puketapu,12/08/2022,0,December
R2900,Rockit Sim 1,Puketapu,12/08/2022,0,December
R2900,Rockit Sim 1,Puketapu,12/08/2022,0,December
R2900,Rockit Sim 1,Puketapu,12/08/2022,0,December
R2900,Rockit Sim 1,Puketapu,12/08/2022,0,December
R1149,Rockit Steel,Puketapu,12/08/2022,0,December
R1149,Rockit Steel,Puketapu,12/08/2022,0,December
R1149,Rockit Steel,Puketapu,12/08/2022,0,December
R1149,Rockit Steel,Puketapu,12/08/2022,0,December
R2925,Rockit Manzana 2,Puketapu,12/08/2022,0,December
R2925,Rockit Manzana 2,Puketapu,12/08/2022,0,December
R2925,Rockit Manzana 2,Puketapu,12/08/2022,0,December
R2945,Rockit Ormond,Napier,12/08/2022,0,December
R2945,Rockit Ormond,Napier,12/08/2022,0,December
R2945,Rockit Ormond,Napier,12/08/2022,0,December
R2945,Rockit Ormond,Napier,12/08/2022,0,December
R2712,Rockit Napier Road South (NRS),Napier,12/09/2022,0,December
R2775,Rockit Napier Road North (NRN),Napier,12/09/2022,0,December
R2775,Rockit Napier Road North (NRN),Napier,12/09/2022,0,December
R1639,Rockit Napier Road Central (NRC),Napier,12/09/2022,0,December
R1639,Rockit Napier Road Central (NRC),Napier,12/09/2022,0,December
R2776,Rockit Haumoana,Napier,12/09/2022,0,December
R2776,Rockit Haumoana,Napier,12/09/2022,0,December
R2776,Rockit Haumoana,Napier,12/09/2022,0,December
R2776,Rockit Haumoana,Napier,12/09/2022,0,December
R2447,Rockit Watson Road,Napier,12/09/2022,0,December
R2447,Rockit Watson Road,Napier,12/09/2022,0,December
R2917,Rockit Lawn Road,Napier,12/09/2022,0,December
R2917,Rockit Lawn Road,Napier,12/09/2022,0,December
R2917,Rockit Lawn Road,Napier,12/09/2022,0,December
R2917,Rockit Lawn Road,Napier,12/09/2022,0,December
R2917,Rockit Lawn Road,Napier,12/09/2022,0,December
R2917,Rockit Lawn Road,Napier,12/09/2022,0,December
R2329,Rockit Longlands,Bridge Pa,12/09/2022,0,December
R2329,Rockit Longlands,Bridge Pa,12/09/2022,0,December
R2329,Rockit Longlands,Bridge Pa,12/09/2022,0,December
R2329,Rockit Longlands,Bridge Pa,12/09/2022,0,December
R1232,Rockit Raukawa,Havelock,12/14/2022,1,December
R1232,Rockit Raukawa,Havelock,12/14/2022,0,December
R1233,Rockit Te Aute North (TRN),Havelock,12/14/2022,0,December
R1233,Rockit Te Aute North (TRN),Havelock,12/14/2022,0,December
R2534,Rockit Stock Road South (SRS),Havelock,12/14/2022,0,December
R2534,Rockit Stock Road South (SRS),Havelock,12/14/2022,0,December
R2534,Rockit Stock Road South (SRS),Havelock,12/14/2022,0,December
R2668,Rockit Te Aute South (TRS),Havelock,12/14/2022,0,December
R2724,Rockit Omahu,Omahu,12/14/2022,0,December
R2724,Rockit Omahu,Omahu,12/14/2022,0,December
R2724,Rockit Omahu,Omahu,12/14/2022,0,December
R2724,Rockit Omahu,Omahu,12/14/2022,0,December
R2724,Rockit Omahu,Omahu,12/14/2022,0,December
R2724,Rockit Omahu,Omahu,12/14/2022,0,December
R1230,Rockit Home Block,Havelock,12/14/2022,0,December
R1230,Rockit Home Block,Havelock,12/14/2022,0,December
R2899,Rockit Lobb,Havelock,12/14/2022,0,December
R2899,Rockit Lobb,Havelock,12/14/2022,0,December
R2880,Rockit Manahi,Havelock,12/14/2022,0,December
R2880,Rockit Manahi,Havelock,12/14/2022,0,December
R2880,Rockit Manahi,Havelock,12/14/2022,0,December
R2880,Rockit Manahi,Havelock,12/14/2022,0,December
R2880,Rockit Manahi,Havelock,12/14/2022,0,December
R2880,Rockit Manahi,Havelock,12/14/2022,0,December
R2219,Rockit Longacre (RLA),Bridge Pa,12/14/2022,0,December
R1230,Rockit Home Block,Havelock,12/14/2022,1,December
R1230,Rockit Home Block,Havelock,12/14/2022,0,December
R1230,Rockit Home Block,Havelock,12/14/2022,0,December
R1230,Rockit Home Block,Havelock,12/14/2022,0,December
R2924,Rockit Crown,Omahu,12/14/2022,0,December
R2924,Rockit Crown,Omahu,12/14/2022,0,December
R2924,Rockit Crown,Omahu,12/14/2022,0,December
R2219,Rockit Longacre (RLA),Bridge Pa,12/14/2022,0,December
R2926,Rockit Mana,Bridge Pa,12/14/2022,0,December
R2926,Rockit Mana,Bridge Pa,12/14/2022,0,December
R2927,Rockit Mana 2,Bridge Pa,12/14/2022,0,December
R2927,Rockit Mana 2,Bridge Pa,12/14/2022,0,December
R2534,Rockit Stock Road South (SRS),Havelock,12/14/2022,0,December
R2534,Rockit Stock Road South (SRS),Havelock,12/14/2022,0,December
R2924,Rockit Crown,Omahu,12/14/2022,0,December
R2219,Rockit Longacre (RLA),Bridge Pa,12/14/2022,0,December
R1580,Rockit Pioneer,Valley,12/14/2022,0,December
R1580,Rockit Pioneer,Valley,12/14/2022,0,December
R1580,Rockit Pioneer,Valley,12/14/2022,0,December
R1580,Rockit Pioneer,Valley,12/14/2022,0,December
R1580,Rockit Pioneer,Valley,12/14/2022,1,December
R2919,Rockit Valley Road,Valley,12/14/2022,1,December
R2919,Rockit Valley Road,Valley,12/14/2022,0,December
R2919,Rockit Valley Road,Valley,12/14/2022,0,December
R2919,Rockit Valley Road,Valley,12/14/2022,3,December
R2919,Rockit Valley Road,Valley,12/14/2022,0,December
R2919,Rockit Valley Road,Valley,12/14/2022,0,December
R2919,Rockit Valley Road,Valley,12/14/2022,0,December
R2919,Rockit Valley Road,Valley,12/14/2022,0,December
R2919,Rockit Valley Road,Valley,12/14/2022,1,December
R2919,Rockit Valley Road,Valley,12/14/2022,1,December
R2919,Rockit Valley Road,Valley,12/14/2022,0,December
R2919,Rockit Valley Road,Valley,12/14/2022,0,December
R2919,Rockit Valley Road,Valley,12/14/2022,0,December
R2919,Rockit Valley Road,Valley,12/14/2022,0,December
R2919,Rockit Valley Road,Valley,12/14/2022,0,December
R2919,Rockit Valley Road,Valley,12/14/2022,1,December
R2919,Rockit Valley Road,Valley,12/14/2022,0,December
R2919,Rockit Valley Road,Valley,12/14/2022,0,December
R2919,Rockit Valley Road,Valley,12/14/2022,0,December
R2919,Rockit Valley Road,Valley,12/14/2022,0,December
R2946,Rockit Lowry Heretaunga,Omahu,12/14/2022,0,December
R2946,Rockit Lowry Heretaunga,Omahu,12/14/2022,0,December
R2946,Rockit Lowry Heretaunga,Omahu,12/14/2022,0,December
R2918,Rockit Lowry,Omahu,12/14/2022,0,December
R2918,Rockit Lowry,Omahu,12/14/2022,0,December
R2918,Rockit Lowry,Omahu,12/14/2022,2,December
R2918,Rockit Lowry,Omahu,12/14/2022,0,December
R2918,Rockit Lowry,Omahu,12/14/2022,2,December
R1936,Rockit Wharerangi,Puketapu,12/15/2022,0,December
R2636,Rockit Moteo Pa,Puketapu,12/15/2022,0,December
R2636,Rockit Moteo Pa,Puketapu,12/15/2022,0,December
R1936,Rockit Wharerangi,Puketapu,12/15/2022,0,December
R1936,Rockit Wharerangi,Puketapu,12/15/2022,0,December
R2150,Rockit Dartmoor Road,Puketapu,12/15/2022,0,December
R2150,Rockit Dartmoor Road,Puketapu,12/15/2022,0,December
R2879,Rockit Manzana,Puketapu,12/15/2022,0,December
R2879,Rockit Manzana,Puketapu,12/15/2022,0,December
R2879,Rockit Manzana,Puketapu,12/15/2022,0,December
R2879,Rockit Manzana,Puketapu,12/15/2022,0,December
R2886,Rockit Sim 2,Puketapu,12/15/2022,0,December
R2886,Rockit Sim 2,Puketapu,12/15/2022,0,December
R2901,Rockit Wharerangi 2,Puketapu,12/15/2022,1,December
R2901,Rockit Wharerangi 2,Puketapu,12/15/2022,0,December
R2900,Rockit Sim 1,Puketapu,12/15/2022,0,December
R2900,Rockit Sim 1,Puketapu,12/15/2022,0,December
R2900,Rockit Sim 1,Puketapu,12/15/2022,0,December
R2900,Rockit Sim 1,Puketapu,12/15/2022,4,December
R1149,Rockit Steel,Puketapu,12/15/2022,0,December
R1149,Rockit Steel,Puketapu,12/15/2022,0,December
R1149,Rockit Steel,Puketapu,12/15/2022,0,December
R1149,Rockit Steel,Puketapu,12/15/2022,0,December
R2925,Rockit Manzana 2,Puketapu,12/15/2022,0,December
R2925,Rockit Manzana 2,Puketapu,12/15/2022,0,December
R2925,Rockit Manzana 2,Puketapu,12/15/2022,0,December
R2945,Rockit Ormond,Napier,12/15/2022,0,December
R2945,Rockit Ormond,Napier,12/15/2022,0,December
R2945,Rockit Ormond,Napier,12/15/2022,0,December
R2945,Rockit Ormond,Napier,12/15/2022,0,December
R2712,Rockit Napier Road South (NRS),Napier,12/16/2022,0,December
R2775,Rockit Napier Road North (NRN),Napier,12/16/2022,0,December
R2775,Rockit Napier Road North (NRN),Napier,12/16/2022,0,December
R1639,Rockit Napier Road Central (NRC),Napier,12/16/2022,0,December
R1639,Rockit Napier Road Central (NRC),Napier,12/16/2022,0,December
R2776,Rockit Haumoana,Napier,12/16/2022,6,December
R2776,Rockit Haumoana,Napier,12/16/2022,0,December
R2776,Rockit Haumoana,Napier,12/16/2022,0,December
R2776,Rockit Haumoana,Napier,12/16/2022,0,December
R2447,Rockit Watson Road,Napier,12/16/2022,0,December
R2447,Rockit Watson Road,Napier,12/16/2022,0,December
R2917,Rockit Lawn Road,Napier,12/16/2022,0,December
R2917,Rockit Lawn Road,Napier,12/16/2022,0,December
R2917,Rockit Lawn Road,Napier,12/16/2022,0,December
R2917,Rockit Lawn Road,Napier,12/16/2022,1,December
R2917,Rockit Lawn Road,Napier,12/16/2022,0,December
R2917,Rockit Lawn Road,Napier,12/16/2022,0,December
R2329,Rockit Longlands,Bridge Pa,12/16/2022,0,December
R2329,Rockit Longlands,Bridge Pa,12/16/2022,0,December
R2329,Rockit Longlands,Bridge Pa,12/16/2022,0,December
R2329,Rockit Longlands,Bridge Pa,12/16/2022,0,December
R1232,Rockit Raukawa,Havelock,12/21/2022,1,December
R1232,Rockit Raukawa,Havelock,12/21/2022,0,December
R1233,Rockit Te Aute North (TRN),Havelock,12/21/2022,0,December
R1233,Rockit Te Aute North (TRN),Havelock,12/21/2022,1,December
R2534,Rockit Stock Road South (SRS),Havelock,12/21/2022,0,December
R2534,Rockit Stock Road South (SRS),Havelock,12/21/2022,0,December
R2534,Rockit Stock Road South (SRS),Havelock,12/21/2022,0,December
R2668,Rockit Te Aute South (TRS),Havelock,12/21/2022,1,December
R1230,Rockit Home Block,Havelock,12/21/2022,0,December
R1230,Rockit Home Block,Havelock,12/21/2022,0,December
R2899,Rockit Lobb,Havelock,12/21/2022,0,December
R2899,Rockit Lobb,Havelock,12/21/2022,0,December
R2880,Rockit Manahi,Havelock,12/21/2022,1,December
R2880,Rockit Manahi,Havelock,12/21/2022,0,December
R2880,Rockit Manahi,Havelock,12/21/2022,0,December
R2880,Rockit Manahi,Havelock,12/21/2022,0,December
R2880,Rockit Manahi,Havelock,12/21/2022,0,December
R2880,Rockit Manahi,Havelock,12/21/2022,1,December
R2219,Rockit Longacre (RLA),Bridge Pa,12/21/2022,0,December
R1230,Rockit Home Block,Havelock,12/21/2022,2,December
R1230,Rockit Home Block,Havelock,12/21/2022,0,December
R1230,Rockit Home Block,Havelock,12/21/2022,0,December
R1230,Rockit Home Block,Havelock,12/21/2022,0,December
R2219,Rockit Longacre (RLA),Bridge Pa,12/21/2022,0,December
R2926,Rockit Mana,Bridge Pa,12/21/2022,0,December
R2926,Rockit Mana,Bridge Pa,12/21/2022,1,December
R2927,Rockit Mana 2,Bridge Pa,12/21/2022,0,December
R2927,Rockit Mana 2,Bridge Pa,12/21/2022,0,December
R2534,Rockit Stock Road South (SRS),Havelock,12/21/2022,0,December
R2534,Rockit Stock Road South (SRS),Havelock,12/21/2022,0,December
R2219,Rockit Longacre (RLA),Bridge Pa,12/21/2022,0,December
R1580,Rockit Pioneer,Valley,12/21/2022,0,December
R1580,Rockit Pioneer,Valley,12/21/2022,0,December
R1580,Rockit Pioneer,Valley,12/21/2022,0,December
R1580,Rockit Pioneer,Valley,12/21/2022,0,December
R1580,Rockit Pioneer,Valley,12/21/2022,4,December
R2919,Rockit Valley Road,Valley,12/21/2022,0,December
R2919,Rockit Valley Road,Valley,12/21/2022,0,December
R2919,Rockit Valley Road,Valley,12/21/2022,0,December
R2919,Rockit Valley Road,Valley,12/21/2022,0,December
R2919,Rockit Valley Road,Valley,12/21/2022,0,December
R2919,Rockit Valley Road,Valley,12/21/2022,0,December
R2919,Rockit Valley Road,Valley,12/21/2022,0,December
R2919,Rockit Valley Road,Valley,12/21/2022,0,December
R2919,Rockit Valley Road,Valley,12/21/2022,0,December
R2919,Rockit Valley Road,Valley,12/21/2022,8,December
R2919,Rockit Valley Road,Valley,12/21/2022,0,December
R2919,Rockit Valley Road,Valley,12/21/2022,0,December
R2919,Rockit Valley Road,Valley,12/21/2022,0,December
R2919,Rockit Valley Road,Valley,12/21/2022,0,December
R2919,Rockit Valley Road,Valley,12/21/2022,0,December
R2919,Rockit Valley Road,Valley,12/21/2022,4,December
R2919,Rockit Valley Road,Valley,12/21/2022,0,December
R2919,Rockit Valley Road,Valley,12/21/2022,1,December
R2919,Rockit Valley Road,Valley,12/21/2022,0,December
R2919,Rockit Valley Road,Valley,12/21/2022,0,December
R1936,Rockit Wharerangi,Puketapu,12/22/2022,0,December
R2636,Rockit Moteo Pa,Puketapu,12/22/2022,0,December
R2636,Rockit Moteo Pa,Puketapu,12/22/2022,0,December
R2724,Rockit Omahu,Omahu,12/22/2022,0,December
R2724,Rockit Omahu,Omahu,12/22/2022,0,December
R2724,Rockit Omahu,Omahu,12/22/2022,0,December
R2724,Rockit Omahu,Omahu,12/22/2022,15,December
R2724,Rockit Omahu,Omahu,12/22/2022,0,December
R2724,Rockit Omahu,Omahu,12/22/2022,0,December
R1936,Rockit Wharerangi,Puketapu,12/22/2022,0,December
R1936,Rockit Wharerangi,Puketapu,12/22/2022,0,December
R2150,Rockit Dartmoor Road,Puketapu,12/22/2022,0,December
R2150,Rockit Dartmoor Road,Puketapu,12/22/2022,0,December
R2879,Rockit Manzana,Puketapu,12/22/2022,0,December
R2879,Rockit Manzana,Puketapu,12/22/2022,0,December
R2879,Rockit Manzana,Puketapu,12/22/2022,0,December
R2879,Rockit Manzana,Puketapu,12/22/2022,0,December
R2886,Rockit Sim 2,Puketapu,12/22/2022,0,December
R2886,Rockit Sim 2,Puketapu,12/22/2022,0,December
R2901,Rockit Wharerangi 2,Puketapu,12/22/2022,0,December
R2901,Rockit Wharerangi 2,Puketapu,12/22/2022,0,December
R2900,Rockit Sim 1,Puketapu,12/22/2022,0,December
R2900,Rockit Sim 1,Puketapu,12/22/2022,0,December
R2900,Rockit Sim 1,Puketapu,12/22/2022,1,December
R1149,Rockit Steel,Puketapu,12/22/2022,0,December
R1149,Rockit Steel,Puketapu,12/22/2022,0,December
R1149,Rockit Steel,Puketapu,12/22/2022,0,December
R1149,Rockit Steel,Puketapu,12/22/2022,0,December
R2924,Rockit Crown,Omahu,12/22/2022,0,December
R2924,Rockit Crown,Omahu,12/22/2022,0,December
R2924,Rockit Crown,Omahu,12/22/2022,0,December
R2925,Rockit Manzana 2,Puketapu,12/22/2022,0,December
R2925,Rockit Manzana 2,Puketapu,12/22/2022,0,December
R2925,Rockit Manzana 2,Puketapu,12/22/2022,2,December
R2924,Rockit Crown,Omahu,12/22/2022,0,December
R2945,Rockit Ormond,Napier,12/22/2022,0,December
R2945,Rockit Ormond,Napier,12/22/2022,0,December
R2945,Rockit Ormond,Napier,12/22/2022,0,December
R2945,Rockit Ormond,Napier,12/22/2022,0,December
R2946,Rockit Lowry Heretaunga,Omahu,12/22/2022,0,December
R2946,Rockit Lowry Heretaunga,Omahu,12/22/2022,0,December
R2946,Rockit Lowry Heretaunga,Omahu,12/22/2022,0,December
R2918,Rockit Lowry,Omahu,12/22/2022,0,December
R2918,Rockit Lowry,Omahu,12/22/2022,8,December
R2918,Rockit Lowry,Omahu,12/22/2022,3,December
R2918,Rockit Lowry,Omahu,12/22/2022,0,December
R2918,Rockit Lowry,Omahu,12/22/2022,6,December
R2712,Rockit Napier Road South (NRS),Napier,12/23/2022,0,December
R2775,Rockit Napier Road North (NRN),Napier,12/23/2022,0,December
R2775,Rockit Napier Road North (NRN),Napier,12/23/2022,0,December
R1639,Rockit Napier Road Central (NRC),Napier,12/23/2022,0,December
R1639,Rockit Napier Road Central (NRC),Napier,12/23/2022,0,December
R2776,Rockit Haumoana,Napier,12/23/2022,0,December
R2776,Rockit Haumoana,Napier,12/23/2022,0,December
R2776,Rockit Haumoana,Napier,12/23/2022,0,December
R2776,Rockit Haumoana,Napier,12/23/2022,0,December
R2447,Rockit Watson Road,Napier,12/23/2022,0,December
R2447,Rockit Watson Road,Napier,12/23/2022,0,December
R2917,Rockit Lawn Road,Napier,12/23/2022,0,December
R2917,Rockit Lawn Road,Napier,12/23/2022,0,December
R2917,Rockit Lawn Road,Napier,12/23/2022,0,December
R2917,Rockit Lawn Road,Napier,12/23/2022,0,December
R2917,Rockit Lawn Road,Napier,12/23/2022,0,December
R2917,Rockit Lawn Road,Napier,12/23/2022,0,December
R2329,Rockit Longlands,Bridge Pa,12/23/2022,0,December
R2329,Rockit Longlands,Bridge Pa,12/23/2022,0,December
R2329,Rockit Longlands,Bridge Pa,12/23/2022,0,December
R2329,Rockit Longlands,Bridge Pa,12/23/2022,0,December
R1232,Rockit Raukawa,Havelock,12/28/2022,5,December
R1232,Rockit Raukawa,Havelock,12/28/2022,4,December
R1233,Rockit Te Aute North (TRN),Havelock,12/28/2022,0,December
R1233,Rockit Te Aute North (TRN),Havelock,12/28/2022,0,December
R2534,Rockit Stock Road South (SRS),Havelock,12/28/2022,0,December
R2534,Rockit Stock Road South (SRS),Havelock,12/28/2022,0,December
R2534,Rockit Stock Road South (SRS),Havelock,12/28/2022,0,December
R2668,Rockit Te Aute South (TRS),Havelock,12/28/2022,0,December
R2724,Rockit Omahu,Omahu,12/28/2022,1,December
R2724,Rockit Omahu,Omahu,12/28/2022,0,December
R2724,Rockit Omahu,Omahu,12/28/2022,0,December
R2724,Rockit Omahu,Omahu,12/28/2022,6,December
R2724,Rockit Omahu,Omahu,12/28/2022,0,December
R2724,Rockit Omahu,Omahu,12/28/2022,3,December
R1230,Rockit Home Block,Havelock,12/28/2022,0,December
R1230,Rockit Home Block,Havelock,12/28/2022,0,December
R2899,Rockit Lobb,Havelock,12/28/2022,0,December
R2899,Rockit Lobb,Havelock,12/28/2022,0,December
R2880,Rockit Manahi,Havelock,12/28/2022,0,December
R2880,Rockit Manahi,Havelock,12/28/2022,0,December
R2880,Rockit Manahi,Havelock,12/28/2022,0,December
R2880,Rockit Manahi,Havelock,12/28/2022,0,December
R2880,Rockit Manahi,Havelock,12/28/2022,0,December
R2880,Rockit Manahi,Havelock,12/28/2022,0,December
R2219,Rockit Longacre (RLA),Bridge Pa,12/28/2022,0,December
R1230,Rockit Home Block,Havelock,12/28/2022,1,December
R1230,Rockit Home Block,Havelock,12/28/2022,0,December
R1230,Rockit Home Block,Havelock,12/28/2022,0,December
R1230,Rockit Home Block,Havelock,12/28/2022,0,December
R2924,Rockit Crown,Omahu,12/28/2022,0,December
R2924,Rockit Crown,Omahu,12/28/2022,0,December
R2924,Rockit Crown,Omahu,12/28/2022,0,December
R2219,Rockit Longacre (RLA),Bridge Pa,12/28/2022,0,December
R2926,Rockit Mana,Bridge Pa,12/28/2022,1,December
R2926,Rockit Mana,Bridge Pa,12/28/2022,0,December
R2927,Rockit Mana 2,Bridge Pa,12/28/2022,0,December
R2927,Rockit Mana 2,Bridge Pa,12/28/2022,0,December
R2534,Rockit Stock Road South (SRS),Havelock,12/28/2022,0,December
R2534,Rockit Stock Road South (SRS),Havelock,12/28/2022,0,December
R2924,Rockit Crown,Omahu,12/28/2022,0,December
R2219,Rockit Longacre (RLA),Bridge Pa,12/28/2022,0,December
R1580,Rockit Pioneer,Valley,12/28/2022,0,December
R1580,Rockit Pioneer,Valley,12/28/2022,0,December
R1580,Rockit Pioneer,Valley,12/28/2022,0,December
R1580,Rockit Pioneer,Valley,12/28/2022,0,December
R1580,Rockit Pioneer,Valley,12/28/2022,4,December
R2919,Rockit Valley Road,Valley,12/28/2022,2,December
R2919,Rockit Valley Road,Valley,12/28/2022,0,December
R2919,Rockit Valley Road,Valley,12/28/2022,0,December
R2919,Rockit Valley Road,Valley,12/28/2022,1,December
R2919,Rockit Valley Road,Valley,12/28/2022,0,December
R2919,Rockit Valley Road,Valley,12/28/2022,0,December
R2919,Rockit Valley Road,Valley,12/28/2022,0,December
R2919,Rockit Valley Road,Valley,12/28/2022,0,December
R2919,Rockit Valley Road,Valley,12/28/2022,1,December
R2919,Rockit Valley Road,Valley,12/28/2022,0,December
R2919,Rockit Valley Road,Valley,12/28/2022,0,December
R2919,Rockit Valley Road,Valley,12/28/2022,0,December
R2919,Rockit Valley Road,Valley,12/28/2022,0,December
R2919,Rockit Valley Road,Valley,12/28/2022,2,December
R2919,Rockit Valley Road,Valley,12/28/2022,0,December
R2919,Rockit Valley Road,Valley,12/28/2022,2,December
R2919,Rockit Valley Road,Valley,12/28/2022,0,December
R2919,Rockit Valley Road,Valley,12/28/2022,0,December
R2919,Rockit Valley Road,Valley,12/28/2022,0,December
R2919,Rockit Valley Road,Valley,12/28/2022,0,December
R2946,Rockit Lowry Heretaunga,Omahu,12/28/2022,0,December
R2946,Rockit Lowry Heretaunga,Omahu,12/28/2022,0,December
R2946,Rockit Lowry Heretaunga,Omahu,12/28/2022,3,December
R2918,Rockit Lowry,Omahu,12/28/2022,0,December
R2918,Rockit Lowry,Omahu,12/28/2022,1,December
R2918,Rockit Lowry,Omahu,12/28/2022,1,December
R2918,Rockit Lowry,Omahu,12/28/2022,0,December
R2918,Rockit Lowry,Omahu,12/28/2022,3,December
R1936,Rockit Wharerangi,Puketapu,12/29/2022,0,December
R2636,Rockit Moteo Pa,Puketapu,12/29/2022,0,December
R2636,Rockit Moteo Pa,Puketapu,12/29/2022,1,December
R1936,Rockit Wharerangi,Puketapu,12/29/2022,0,December
R1936,Rockit Wharerangi,Puketapu,12/29/2022,0,December
R2150,Rockit Dartmoor Road,Puketapu,12/29/2022,0,December
R2150,Rockit Dartmoor Road,Puketapu,12/29/2022,0,December
R2879,Rockit Manzana,Puketapu,12/29/2022,0,December
R2879,Rockit Manzana,Puketapu,12/29/2022,0,December
R2879,Rockit Manzana,Puketapu,12/29/2022,0,December
R2879,Rockit Manzana,Puketapu,12/29/2022,0,December
R2886,Rockit Sim 2,Puketapu,12/29/2022,0,December
R2886,Rockit Sim 2,Puketapu,12/29/2022,0,December
R2901,Rockit Wharerangi 2,Puketapu,12/29/2022,0,December
R2901,Rockit Wharerangi 2,Puketapu,12/29/2022,0,December
R2900,Rockit Sim 1,Puketapu,12/29/2022,0,December
R2900,Rockit Sim 1,Puketapu,12/29/2022,0,December
R2900,Rockit Sim 1,Puketapu,12/29/2022,0,December
R2900,Rockit Sim 1,Puketapu,12/29/2022,0,December
R1149,Rockit Steel,Puketapu,12/29/2022,0,December
R1149,Rockit Steel,Puketapu,12/29/2022,0,December
R1149,Rockit Steel,Puketapu,12/29/2022,0,December
R1149,Rockit Steel,Puketapu,12/29/2022,0,December
R2925,Rockit Manzana 2,Puketapu,12/29/2022,0,December
R2925,Rockit Manzana 2,Puketapu,12/29/2022,0,December
R2925,Rockit Manzana 2,Puketapu,12/29/2022,0,December
R2945,Rockit Ormond,Napier,12/29/2022,0,December
R2945,Rockit Ormond,Napier,12/29/2022,0,December
R2945,Rockit Ormond,Napier,12/29/2022,0,December
R2945,Rockit Ormond,Napier,12/29/2022,0,December
R2712,Rockit Napier Road South (NRS),Napier,12/30/2022,0,December
R2775,Rockit Napier Road North (NRN),Napier,12/30/2022,0,December
R2775,Rockit Napier Road North (NRN),Napier,12/30/2022,0,December
R1639,Rockit Napier Road Central (NRC),Napier,12/30/2022,0,December
R1639,Rockit Napier Road Central (NRC),Napier,12/30/2022,1,December
R2776,Rockit Haumoana,Napier,12/30/2022,0,December
R2776,Rockit Haumoana,Napier,12/30/2022,1,December
R2776,Rockit Haumoana,Napier,12/30/2022,2,December
R2776,Rockit Haumoana,Napier,12/30/2022,0,December
R2447,Rockit Watson Road,Napier,12/30/2022,0,December
R2447,Rockit Watson Road,Napier,12/30/2022,0,December
R2917,Rockit Lawn Road,Napier,12/30/2022,0,December
R2917,Rockit Lawn Road,Napier,12/30/2022,0,December
R2917,Rockit Lawn Road,Napier,12/30/2022,0,December
R2917,Rockit Lawn Road,Napier,12/30/2022,0,December
R2917,Rockit Lawn Road,Napier,12/30/2022,0,December
R2917,Rockit Lawn Road,Napier,12/30/2022,0,December
R2329,Rockit Longlands,Bridge Pa,12/30/2022,0,December
R2329,Rockit Longlands,Bridge Pa,12/30/2022,0,December
R2329,Rockit Longlands,Bridge Pa,12/30/2022,0,December
R2329,Rockit Longlands,Bridge Pa,12/30/2022,0,December
R1232,Rockit Raukawa,Havelock,1/04/2023,4,January
R1232,Rockit Raukawa,Havelock,1/04/2023,4,January
R1233,Rockit Te Aute North (TRN),Havelock,1/04/2023,0,January
R1233,Rockit Te Aute North (TRN),Havelock,1/04/2023,0,January
R2534,Rockit Stock Road South (SRS),Havelock,1/04/2023,0,January
R2534,Rockit Stock Road South (SRS),Havelock,1/04/2023,0,January
R2534,Rockit Stock Road South (SRS),Havelock,1/04/2023,1,January
R2668,Rockit Te Aute South (TRS),Havelock,1/04/2023,0,January
R2724,Rockit Omahu,Omahu,1/04/2023,0,January
R2724,Rockit Omahu,Omahu,1/04/2023,1,January
R2724,Rockit Omahu,Omahu,1/04/2023,0,January
R2724,Rockit Omahu,Omahu,1/04/2023,0,January
R2724,Rockit Omahu,Omahu,1/04/2023,0,January
R2724,Rockit Omahu,Omahu,1/04/2023,0,January
R1230,Rockit Home Block,Havelock,1/04/2023,0,January
R1230,Rockit Home Block,Havelock,1/04/2023,0,January
R2899,Rockit Lobb,Havelock,1/04/2023,0,January
R2899,Rockit Lobb,Havelock,1/04/2023,0,January
R2880,Rockit Manahi,Havelock,1/04/2023,0,January
R2880,Rockit Manahi,Havelock,1/04/2023,0,January
R2880,Rockit Manahi,Havelock,1/04/2023,0,January
R2880,Rockit Manahi,Havelock,1/04/2023,0,January
R2880,Rockit Manahi,Havelock,1/04/2023,0,January
R2880,Rockit Manahi,Havelock,1/04/2023,0,January
R2219,Rockit Longacre (RLA),Bridge Pa,1/04/2023,0,January
R1230,Rockit Home Block,Havelock,1/04/2023,2,January
R1230,Rockit Home Block,Havelock,1/04/2023,1,January
R1230,Rockit Home Block,Havelock,1/04/2023,0,January
R1230,Rockit Home Block,Havelock,1/04/2023,1,January
R2924,Rockit Crown,Omahu,1/04/2023,0,January
R2924,Rockit Crown,Omahu,1/04/2023,0,January
R2924,Rockit Crown,Omahu,1/04/2023,0,January
R2219,Rockit Longacre (RLA),Bridge Pa,1/04/2023,0,January
R2926,Rockit Mana,Bridge Pa,1/04/2023,0,January
R2926,Rockit Mana,Bridge Pa,1/04/2023,1,January
R2927,Rockit Mana 2,Bridge Pa,1/04/2023,0,January
R2927,Rockit Mana 2,Bridge Pa,1/04/2023,0,January
R2534,Rockit Stock Road South (SRS),Havelock,1/04/2023,0,January
R2534,Rockit Stock Road South (SRS),Havelock,1/04/2023,0,January
R2924,Rockit Crown,Omahu,1/04/2023,0,January
R2219,Rockit Longacre (RLA),Bridge Pa,1/04/2023,0,January
R1580,Rockit Pioneer,Valley,1/04/2023,1,January
R1580,Rockit Pioneer,Valley,1/04/2023,0,January
R1580,Rockit Pioneer,Valley,1/04/2023,0,January
R1580,Rockit Pioneer,Valley,1/04/2023,1,January
R1580,Rockit Pioneer,Valley,1/04/2023,8,January
R2919,Rockit Valley Road,Valley,1/04/2023,0,January
R2919,Rockit Valley Road,Valley,1/04/2023,0,January
R2919,Rockit Valley Road,Valley,1/04/2023,0,January
R2919,Rockit Valley Road,Valley,1/04/2023,2,January
R2919,Rockit Valley Road,Valley,1/04/2023,0,January
R2919,Rockit Valley Road,Valley,1/04/2023,0,January
R2919,Rockit Valley Road,Valley,1/04/2023,0,January
R2919,Rockit Valley Road,Valley,1/04/2023,0,January
R2919,Rockit Valley Road,Valley,1/04/2023,0,January
R2919,Rockit Valley Road,Valley,1/04/2023,0,January
R2919,Rockit Valley Road,Valley,1/04/2023,0,January
R2919,Rockit Valley Road,Valley,1/04/2023,0,January
R2919,Rockit Valley Road,Valley,1/04/2023,0,January
R2919,Rockit Valley Road,Valley,1/04/2023,0,January
R2919,Rockit Valley Road,Valley,1/04/2023,0,January
R2919,Rockit Valley Road,Valley,1/04/2023,0,January
R2919,Rockit Valley Road,Valley,1/04/2023,0,January
R2919,Rockit Valley Road,Valley,1/04/2023,0,January
R2919,Rockit Valley Road,Valley,1/04/2023,0,January
R2919,Rockit Valley Road,Valley,1/04/2023,0,January
R2946,Rockit Lowry Heretaunga,Omahu,1/04/2023,1,January
R2946,Rockit Lowry Heretaunga,Omahu,1/04/2023,0,January
R2946,Rockit Lowry Heretaunga,Omahu,1/04/2023,1,January
R2918,Rockit Lowry,Omahu,1/04/2023,0,January
R2918,Rockit Lowry,Omahu,1/04/2023,0,January
R2918,Rockit Lowry,Omahu,1/04/2023,1,January
R2918,Rockit Lowry,Omahu,1/04/2023,0,January
R2918,Rockit Lowry,Omahu,1/04/2023,2,January
R1936,Rockit Wharerangi,Puketapu,1/05/2023,0,January
R2636,Rockit Moteo Pa,Puketapu,1/05/2023,0,January
R2636,Rockit Moteo Pa,Puketapu,1/05/2023,0,January
R1936,Rockit Wharerangi,Puketapu,1/05/2023,0,January
R1936,Rockit Wharerangi,Puketapu,1/05/2023,0,January
R2150,Rockit Dartmoor Road,Puketapu,1/05/2023,0,January
R2150,Rockit Dartmoor Road,Puketapu,1/05/2023,0,January
R2879,Rockit Manzana,Puketapu,1/05/2023,0,January
R2879,Rockit Manzana,Puketapu,1/05/2023,0,January
R2879,Rockit Manzana,Puketapu,1/05/2023,0,January
R2879,Rockit Manzana,Puketapu,1/05/2023,0,January
R2886,Rockit Sim 2,Puketapu,1/05/2023,0,January
R2886,Rockit Sim 2,Puketapu,1/05/2023,0,January
R2901,Rockit Wharerangi 2,Puketapu,1/05/2023,0,January
R2901,Rockit Wharerangi 2,Puketapu,1/05/2023,0,January
R1149,Rockit Steel,Puketapu,1/05/2023,0,January
R1149,Rockit Steel,Puketapu,1/05/2023,0,January
R1149,Rockit Steel,Puketapu,1/05/2023,0,January
R1149,Rockit Steel,Puketapu,1/05/2023,0,January
R2925,Rockit Manzana 2,Puketapu,1/05/2023,0,January
R2925,Rockit Manzana 2,Puketapu,1/05/2023,0,January
R2925,Rockit Manzana 2,Puketapu,1/05/2023,2,January
R2945,Rockit Ormond,Napier,1/05/2023,0,January
R2945,Rockit Ormond,Napier,1/05/2023,0,January
R2945,Rockit Ormond,Napier,1/05/2023,0,January
R2945,Rockit Ormond,Napier,1/05/2023,0,January
R2712,Rockit Napier Road South (NRS),Napier,1/06/2023,0,January
R2775,Rockit Napier Road North (NRN),Napier,1/06/2023,0,January
R2775,Rockit Napier Road North (NRN),Napier,1/06/2023,0,January
R1639,Rockit Napier Road Central (NRC),Napier,1/06/2023,0,January
R1639,Rockit Napier Road Central (NRC),Napier,1/06/2023,0,January
R2776,Rockit Haumoana,Napier,1/06/2023,1,January
R2776,Rockit Haumoana,Napier,1/06/2023,0,January
R2776,Rockit Haumoana,Napier,1/06/2023,0,January
R2776,Rockit Haumoana,Napier,1/06/2023,0,January
R2447,Rockit Watson Road,Napier,1/06/2023,0,January
R2447,Rockit Watson Road,Napier,1/06/2023,0,January
R2917,Rockit Lawn Road,Napier,1/06/2023,0,January
R2917,Rockit Lawn Road,Napier,1/06/2023,0,January
R2917,Rockit Lawn Road,Napier,1/06/2023,0,January
R2917,Rockit Lawn Road,Napier,1/06/2023,0,January
R2917,Rockit Lawn Road,Napier,1/06/2023,0,January
R2917,Rockit Lawn Road,Napier,1/06/2023,0,January
R2329,Rockit Longlands,Bridge Pa,1/06/2023,0,January
R2329,Rockit Longlands,Bridge Pa,1/06/2023,0,January
R2329,Rockit Longlands,Bridge Pa,1/06/2023,0,January
R2329,Rockit Longlands,Bridge Pa,1/06/2023,0,January
R1232,Rockit Raukawa,Havelock,1/11/2023,1,January
R1232,Rockit Raukawa,Havelock,1/11/2023,16,January
R1233,Rockit Te Aute North (TRN),Havelock,1/11/2023,0,January
R1233,Rockit Te Aute North (TRN),Havelock,1/11/2023,0,January
R2534,Rockit Stock Road South (SRS),Havelock,1/11/2023,0,January
R2534,Rockit Stock Road South (SRS),Havelock,1/11/2023,0,January
R2534,Rockit Stock Road South (SRS),Havelock,1/11/2023,0,January
R2668,Rockit Te Aute South (TRS),Havelock,1/11/2023,1,January
R2724,Rockit Omahu,Omahu,1/11/2023,0,January
R2724,Rockit Omahu,Omahu,1/11/2023,4,January
R2724,Rockit Omahu,Omahu,1/11/2023,0,January
R2724,Rockit Omahu,Omahu,1/11/2023,7,January
R2724,Rockit Omahu,Omahu,1/11/2023,0,January
R2724,Rockit Omahu,Omahu,1/11/2023,0,January
R1230,Rockit Home Block,Havelock,1/11/2023,0,January
R1230,Rockit Home Block,Havelock,1/11/2023,0,January
R2899,Rockit Lobb,Havelock,1/11/2023,13,January
R2899,Rockit Lobb,Havelock,1/11/2023,0,January
R2880,Rockit Manahi,Havelock,1/11/2023,0,January
R2880,Rockit Manahi,Havelock,1/11/2023,0,January
R2880,Rockit Manahi,Havelock,1/11/2023,2,January
R2880,Rockit Manahi,Havelock,1/11/2023,0,January
R2880,Rockit Manahi,Havelock,1/11/2023,0,January
R2880,Rockit Manahi,Havelock,1/11/2023,0,January
R2219,Rockit Longacre (RLA),Bridge Pa,1/11/2023,0,January
R1230,Rockit Home Block,Havelock,1/11/2023,1,January
R1230,Rockit Home Block,Havelock,1/11/2023,3,January
R1230,Rockit Home Block,Havelock,1/11/2023,0,January
R1230,Rockit Home Block,Havelock,1/11/2023,0,January
R2924,Rockit Crown,Omahu,1/11/2023,0,January
R2924,Rockit Crown,Omahu,1/11/2023,0,January
R2924,Rockit Crown,Omahu,1/11/2023,1,January
R2219,Rockit Longacre (RLA),Bridge Pa,1/11/2023,0,January
R2926,Rockit Mana,Bridge Pa,1/11/2023,0,January
R2926,Rockit Mana,Bridge Pa,1/11/2023,0,January
R2927,Rockit Mana 2,Bridge Pa,1/11/2023,0,January
R2927,Rockit Mana 2,Bridge Pa,1/11/2023,0,January
R2534,Rockit Stock Road South (SRS),Havelock,1/11/2023,0,January
R2534,Rockit Stock Road South (SRS),Havelock,1/11/2023,0,January
R2924,Rockit Crown,Omahu,1/11/2023,0,January
R2219,Rockit Longacre (RLA),Bridge Pa,1/11/2023,0,January
R1580,Rockit Pioneer,Valley,1/11/2023,0,January
R1580,Rockit Pioneer,Valley,1/11/2023,0,January
R1580,Rockit Pioneer,Valley,1/11/2023,5,January
R1580,Rockit Pioneer,Valley,1/11/2023,0,January
R1580,Rockit Pioneer,Valley,1/11/2023,0,January
R2919,Rockit Valley Road,Valley,1/11/2023,0,January
R2919,Rockit Valley Road,Valley,1/11/2023,0,January
R2919,Rockit Valley Road,Valley,1/11/2023,0,January
R2919,Rockit Valley Road,Valley,1/11/2023,0,January
R2919,Rockit Valley Road,Valley,1/11/2023,0,January
R2919,Rockit Valley Road,Valley,1/11/2023,0,January
R2919,Rockit Valley Road,Valley,1/11/2023,0,January
R2919,Rockit Valley Road,Valley,1/11/2023,0,January
R2919,Rockit Valley Road,Valley,1/11/2023,0,January
R2919,Rockit Valley Road,Valley,1/11/2023,0,January
R2919,Rockit Valley Road,Valley,1/11/2023,0,January
R2919,Rockit Valley Road,Valley,1/11/2023,0,January
R2919,Rockit Valley Road,Valley,1/11/2023,0,January
R2919,Rockit Valley Road,Valley,1/11/2023,0,January
R2919,Rockit Valley Road,Valley,1/11/2023,0,January
R2919,Rockit Valley Road,Valley,1/11/2023,0,January
R2919,Rockit Valley Road,Valley,1/11/2023,0,January
R2919,Rockit Valley Road,Valley,1/11/2023,0,January
R2919,Rockit Valley Road,Valley,1/11/2023,0,January
R2919,Rockit Valley Road,Valley,1/11/2023,0,January
R2946,Rockit Lowry Heretaunga,Omahu,1/11/2023,0,January
R2946,Rockit Lowry Heretaunga,Omahu,1/11/2023,2,January
R2946,Rockit Lowry Heretaunga,Omahu,1/11/2023,0,January
R2918,Rockit Lowry,Omahu,1/11/2023,0,January
R2918,Rockit Lowry,Omahu,1/11/2023,2,January
R2918,Rockit Lowry,Omahu,1/11/2023,2,January
R2918,Rockit Lowry,Omahu,1/11/2023,0,January
R2918,Rockit Lowry,Omahu,1/11/2023,15,January
R1936,Rockit Wharerangi,Puketapu,1/12/2023,0,January
R2636,Rockit Moteo Pa,Puketapu,1/12/2023,0,January
R2636,Rockit Moteo Pa,Puketapu,1/12/2023,0,January
R1936,Rockit Wharerangi,Puketapu,1/12/2023,0,January
R1936,Rockit Wharerangi,Puketapu,1/12/2023,0,January
R2150,Rockit Dartmoor Road,Puketapu,1/12/2023,0,January
R2150,Rockit Dartmoor Road,Puketapu,1/12/2023,0,January
R2879,Rockit Manzana,Puketapu,1/12/2023,0,January
R2879,Rockit Manzana,Puketapu,1/12/2023,0,January
R2879,Rockit Manzana,Puketapu,1/12/2023,0,January
R2879,Rockit Manzana,Puketapu,1/12/2023,0,January
R2886,Rockit Sim 2,Puketapu,1/12/2023,0,January
R2886,Rockit Sim 2,Puketapu,1/12/2023,0,January
R2901,Rockit Wharerangi 2,Puketapu,1/12/2023,0,January
R2901,Rockit Wharerangi 2,Puketapu,1/12/2023,0,January
R2900,Rockit Sim 1,Puketapu,1/12/2023,0,January
R2900,Rockit Sim 1,Puketapu,1/12/2023,0,January
R2900,Rockit Sim 1,Puketapu,1/12/2023,0,January
R2900,Rockit Sim 1,Puketapu,1/12/2023,2,January
R1149,Rockit Steel,Puketapu,1/12/2023,4,January
R1149,Rockit Steel,Puketapu,1/12/2023,0,January
R1149,Rockit Steel,Puketapu,1/12/2023,0,January
R1149,Rockit Steel,Puketapu,1/12/2023,2,January
R2925,Rockit Manzana 2,Puketapu,1/12/2023,0,January
R2925,Rockit Manzana 2,Puketapu,1/12/2023,0,January
R2925,Rockit Manzana 2,Puketapu,1/12/2023,0,January
R2945,Rockit Ormond,Napier,1/12/2023,0,January
R2945,Rockit Ormond,Napier,1/12/2023,0,January
R2945,Rockit Ormond,Napier,1/12/2023,0,January
R2945,Rockit Ormond,Napier,1/12/2023,0,January
R2712,Rockit Napier Road South (NRS),Napier,1/13/2023,0,January
R2775,Rockit Napier Road North (NRN),Napier,1/13/2023,0,January
R2775,Rockit Napier Road North (NRN),Napier,1/13/2023,0,January
R1639,Rockit Napier Road Central (NRC),Napier,1/13/2023,0,January
R1639,Rockit Napier Road Central (NRC),Napier,1/13/2023,0,January
R2776,Rockit Haumoana,Napier,1/13/2023,3,January
R2776,Rockit Haumoana,Napier,1/13/2023,0,January
R2776,Rockit Haumoana,Napier,1/13/2023,5,January
R2776,Rockit Haumoana,Napier,1/13/2023,0,January
R2447,Rockit Watson Road,Napier,1/13/2023,0,January
R2447,Rockit Watson Road,Napier,1/13/2023,0,January
R2917,Rockit Lawn Road,Napier,1/13/2023,0,January
R2917,Rockit Lawn Road,Napier,1/13/2023,1,January
R2917,Rockit Lawn Road,Napier,1/13/2023,0,January
R2917,Rockit Lawn Road,Napier,1/13/2023,0,January
R2917,Rockit Lawn Road,Napier,1/13/2023,0,January
R2917,Rockit Lawn Road,Napier,1/13/2023,0,January
R2329,Rockit Longlands,Bridge Pa,1/13/2023,0,January
R2329,Rockit Longlands,Bridge Pa,1/13/2023,0,January
R2329,Rockit Longlands,Bridge Pa,1/13/2023,0,January
R2329,Rockit Longlands,Bridge Pa,1/13/2023,6,January
R1232,Rockit Raukawa,Havelock,1/18/2023,4,January
R1232,Rockit Raukawa,Havelock,1/18/2023,3,January
R1233,Rockit Te Aute North (TRN),Havelock,1/18/2023,0,January
R1233,Rockit Te Aute North (TRN),Havelock,1/18/2023,0,January
R2534,Rockit Stock Road South (SRS),Havelock,1/18/2023,0,January
R2534,Rockit Stock Road South (SRS),Havelock,1/18/2023,0,January
R2534,Rockit Stock Road South (SRS),Havelock,1/18/2023,1,January
R2668,Rockit Te Aute South (TRS),Havelock,1/18/2023,5,January
R2724,Rockit Omahu,Omahu,1/18/2023,0,January
R2724,Rockit Omahu,Omahu,1/18/2023,2,January
R2724,Rockit Omahu,Omahu,1/18/2023,0,January
R2724,Rockit Omahu,Omahu,1/18/2023,4,January
R2724,Rockit Omahu,Omahu,1/18/2023,1,January
R2724,Rockit Omahu,Omahu,1/18/2023,0,January
R1230,Rockit Home Block,Havelock,1/18/2023,0,January
R1230,Rockit Home Block,Havelock,1/18/2023,0,January
R2899,Rockit Lobb,Havelock,1/18/2023,0,January
R2899,Rockit Lobb,Havelock,1/18/2023,0,January
R2880,Rockit Manahi,Havelock,1/18/2023,0,January
R2880,Rockit Manahi,Havelock,1/18/2023,0,January
R2880,Rockit Manahi,Havelock,1/18/2023,0,January
R2880,Rockit Manahi,Havelock,1/18/2023,0,January
R2880,Rockit Manahi,Havelock,1/18/2023,0,January
R2880,Rockit Manahi,Havelock,1/18/2023,2,January
R2219,Rockit Longacre (RLA),Bridge Pa,1/18/2023,1,January
R1230,Rockit Home Block,Havelock,1/18/2023,4,January
R1230,Rockit Home Block,Havelock,1/18/2023,0,January
R1230,Rockit Home Block,Havelock,1/18/2023,0,January
R1230,Rockit Home Block,Havelock,1/18/2023,0,January
R2924,Rockit Crown,Omahu,1/18/2023,0,January
R2924,Rockit Crown,Omahu,1/18/2023,0,January
R2924,Rockit Crown,Omahu,1/18/2023,0,January
R2219,Rockit Longacre (RLA),Bridge Pa,1/18/2023,0,January
R2926,Rockit Mana,Bridge Pa,1/18/2023,0,January
R2926,Rockit Mana,Bridge Pa,1/18/2023,1,January
R2927,Rockit Mana 2,Bridge Pa,1/18/2023,0,January
R2927,Rockit Mana 2,Bridge Pa,1/18/2023,0,January
R2534,Rockit Stock Road South (SRS),Havelock,1/18/2023,0,January
R2534,Rockit Stock Road South (SRS),Havelock,1/18/2023,0,January
R2924,Rockit Crown,Omahu,1/18/2023,1,January
R2219,Rockit Longacre (RLA),Bridge Pa,1/18/2023,1,January
R1580,Rockit Pioneer,Valley,1/18/2023,1,January
R1580,Rockit Pioneer,Valley,1/18/2023,0,January
R1580,Rockit Pioneer,Valley,1/18/2023,0,January
R1580,Rockit Pioneer,Valley,1/18/2023,1,January
R1580,Rockit Pioneer,Valley,1/18/2023,6,January
R2919,Rockit Valley Road,Valley,1/18/2023,10,January
R2919,Rockit Valley Road,Valley,1/18/2023,0,January
R2919,Rockit Valley Road,Valley,1/18/2023,0,January
R2919,Rockit Valley Road,Valley,1/18/2023,3,January
R2919,Rockit Valley Road,Valley,1/18/2023,0,January
R2919,Rockit Valley Road,Valley,1/18/2023,0,January
R2919,Rockit Valley Road,Valley,1/18/2023,1,January
R2919,Rockit Valley Road,Valley,1/18/2023,0,January
R2919,Rockit Valley Road,Valley,1/18/2023,0,January
R2919,Rockit Valley Road,Valley,1/18/2023,8,January
R2919,Rockit Valley Road,Valley,1/18/2023,0,January
R2919,Rockit Valley Road,Valley,1/18/2023,0,January
R2919,Rockit Valley Road,Valley,1/18/2023,1,January
R2919,Rockit Valley Road,Valley,1/18/2023,0,January
R2919,Rockit Valley Road,Valley,1/18/2023,0,January
R2919,Rockit Valley Road,Valley,1/18/2023,12,January
R2919,Rockit Valley Road,Valley,1/18/2023,0,January
R2919,Rockit Valley Road,Valley,1/18/2023,1,January
R2919,Rockit Valley Road,Valley,1/18/2023,3,January
R2919,Rockit Valley Road,Valley,1/18/2023,2,January
R2946,Rockit Lowry Heretaunga,Omahu,1/18/2023,2,January
R2946,Rockit Lowry Heretaunga,Omahu,1/18/2023,0,January
R2946,Rockit Lowry Heretaunga,Omahu,1/18/2023,5,January
R2918,Rockit Lowry,Omahu,1/18/2023,0,January
R2918,Rockit Lowry,Omahu,1/18/2023,2,January
R2918,Rockit Lowry,Omahu,1/18/2023,0,January
R2918,Rockit Lowry,Omahu,1/18/2023,0,January
R2918,Rockit Lowry,Omahu,1/18/2023,5,January
R1936,Rockit Wharerangi,Puketapu,1/19/2023,0,January
R2636,Rockit Moteo Pa,Puketapu,1/19/2023,0,January
R2636,Rockit Moteo Pa,Puketapu,1/19/2023,0,January
R1936,Rockit Wharerangi,Puketapu,1/19/2023,0,January
R1936,Rockit Wharerangi,Puketapu,1/19/2023,0,January
R2150,Rockit Dartmoor Road,Puketapu,1/19/2023,0,January
R2150,Rockit Dartmoor Road,Puketapu,1/19/2023,0,January
R2879,Rockit Manzana,Puketapu,1/19/2023,0,January
R2879,Rockit Manzana,Puketapu,1/19/2023,0,January
R2879,Rockit Manzana,Puketapu,1/19/2023,0,January
R2879,Rockit Manzana,Puketapu,1/19/2023,0,January
R2886,Rockit Sim 2,Puketapu,1/19/2023,1,January
R2886,Rockit Sim 2,Puketapu,1/19/2023,0,January
R2901,Rockit Wharerangi 2,Puketapu,1/19/2023,4,January
R2901,Rockit Wharerangi 2,Puketapu,1/19/2023,0,January
R2900,Rockit Sim 1,Puketapu,1/19/2023,0,January
R2900,Rockit Sim 1,Puketapu,1/19/2023,0,January
R2900,Rockit Sim 1,Puketapu,1/19/2023,0,January
R2900,Rockit Sim 1,Puketapu,1/19/2023,0,January
R1149,Rockit Steel,Puketapu,1/19/2023,0,January
R1149,Rockit Steel,Puketapu,1/19/2023,0,January
R1149,Rockit Steel,Puketapu,1/19/2023,0,January
R1149,Rockit Steel,Puketapu,1/19/2023,0,January
R2925,Rockit Manzana 2,Puketapu,1/19/2023,0,January
R2925,Rockit Manzana 2,Puketapu,1/19/2023,1,January
R2925,Rockit Manzana 2,Puketapu,1/19/2023,2,January
R2945,Rockit Ormond,Napier,1/19/2023,0,January
R2945,Rockit Ormond,Napier,1/19/2023,0,January
R2945,Rockit Ormond,Napier,1/19/2023,0,January
R2945,Rockit Ormond,Napier,1/19/2023,1,January
R2712,Rockit Napier Road South (NRS),Napier,1/20/2023,0,January
R2775,Rockit Napier Road North (NRN),Napier,1/20/2023,0,January
R2775,Rockit Napier Road North (NRN),Napier,1/20/2023,0,January
R1639,Rockit Napier Road Central (NRC),Napier,1/20/2023,0,January
R1639,Rockit Napier Road Central (NRC),Napier,1/20/2023,0,January
R2776,Rockit Haumoana,Napier,1/20/2023,2,January
R2776,Rockit Haumoana,Napier,1/20/2023,1,January
R2776,Rockit Haumoana,Napier,1/20/2023,1,January
R2776,Rockit Haumoana,Napier,1/20/2023,0,January
R2447,Rockit Watson Road,Napier,1/20/2023,0,January
R2447,Rockit Watson Road,Napier,1/20/2023,0,January
R2917,Rockit Lawn Road,Napier,1/20/2023,0,January
R2917,Rockit Lawn Road,Napier,1/20/2023,0,January
R2917,Rockit Lawn Road,Napier,1/20/2023,0,January
R2917,Rockit Lawn Road,Napier,1/20/2023,0,January
R2917,Rockit Lawn Road,Napier,1/20/2023,0,January
R2917,Rockit Lawn Road,Napier,1/20/2023,0,January
R2329,Rockit Longlands,Bridge Pa,1/20/2023,1,January
R2329,Rockit Longlands,Bridge Pa,1/20/2023,1,January
R2329,Rockit Longlands,Bridge Pa,1/20/2023,0,January
R2329,Rockit Longlands,Bridge Pa,1/20/2023,2,January
R1232,Rockit Raukawa,Havelock,1/25/2023,2,January
R1232,Rockit Raukawa,Havelock,1/25/2023,4,January
R1233,Rockit Te Aute North (TRN),Havelock,1/25/2023,0,January
R1233,Rockit Te Aute North (TRN),Havelock,1/25/2023,0,January
R2534,Rockit Stock Road South (SRS),Havelock,1/25/2023,0,January
R2534,Rockit Stock Road South (SRS),Havelock,1/25/2023,2,January
R2534,Rockit Stock Road South (SRS),Havelock,1/25/2023,0,January
R2668,Rockit Te Aute South (TRS),Havelock,1/25/2023,0,January
R2724,Rockit Omahu,Omahu,1/25/2023,0,January
R2724,Rockit Omahu,Omahu,1/25/2023,0,January
R2724,Rockit Omahu,Omahu,1/25/2023,0,January
R2724,Rockit Omahu,Omahu,1/25/2023,7,January
R2724,Rockit Omahu,Omahu,1/25/2023,0,January
R2724,Rockit Omahu,Omahu,1/25/2023,0,January
R1230,Rockit Home Block,Havelock,1/25/2023,0,January
R1230,Rockit Home Block,Havelock,1/25/2023,0,January
R2899,Rockit Lobb,Havelock,1/25/2023,0,January
R2899,Rockit Lobb,Havelock,1/25/2023,0,January
R2880,Rockit Manahi,Havelock,1/25/2023,0,January
R2880,Rockit Manahi,Havelock,1/25/2023,0,January
R2880,Rockit Manahi,Havelock,1/25/2023,0,January
R2880,Rockit Manahi,Havelock,1/25/2023,0,January
R2880,Rockit Manahi,Havelock,1/25/2023,0,January
R2880,Rockit Manahi,Havelock,1/25/2023,0,January
R2219,Rockit Longacre (RLA),Bridge Pa,1/25/2023,0,January
R1230,Rockit Home Block,Havelock,1/25/2023,0,January
R1230,Rockit Home Block,Havelock,1/25/2023,0,January
R1230,Rockit Home Block,Havelock,1/25/2023,0,January
R1230,Rockit Home Block,Havelock,1/25/2023,0,January
R2924,Rockit Crown,Omahu,1/25/2023,0,January
R2924,Rockit Crown,Omahu,1/25/2023,0,January
R2924,Rockit Crown,Omahu,1/25/2023,0,January
R2219,Rockit Longacre (RLA),Bridge Pa,1/25/2023,0,January
R2926,Rockit Mana,Bridge Pa,1/25/2023,0,January
R2926,Rockit Mana,Bridge Pa,1/25/2023,0,January
R2927,Rockit Mana 2,Bridge Pa,1/25/2023,0,January
R2927,Rockit Mana 2,Bridge Pa,1/25/2023,0,January
R2534,Rockit Stock Road South (SRS),Havelock,1/25/2023,0,January
R2534,Rockit Stock Road South (SRS),Havelock,1/25/2023,0,January
R2924,Rockit Crown,Omahu,1/25/2023,0,January
R2219,Rockit Longacre (RLA),Bridge Pa,1/25/2023,0,January
R1580,Rockit Pioneer,Valley,1/25/2023,0,January
R1580,Rockit Pioneer,Valley,1/25/2023,2,January
R1580,Rockit Pioneer,Valley,1/25/2023,0,January
R1580,Rockit Pioneer,Valley,1/25/2023,0,January
R1580,Rockit Pioneer,Valley,1/25/2023,2,January
R2919,Rockit Valley Road,Valley,1/25/2023,7,January
R2919,Rockit Valley Road,Valley,1/25/2023,0,January
R2919,Rockit Valley Road,Valley,1/25/2023,0,January
R2919,Rockit Valley Road,Valley,1/25/2023,2,January
R2919,Rockit Valley Road,Valley,1/25/2023,0,January
R2919,Rockit Valley Road,Valley,1/25/2023,0,January
R2919,Rockit Valley Road,Valley,1/25/2023,0,January
R2919,Rockit Valley Road,Valley,1/25/2023,0,January
R2919,Rockit Valley Road,Valley,1/25/2023,0,January
R2919,Rockit Valley Road,Valley,1/25/2023,0,January
R2919,Rockit Valley Road,Valley,1/25/2023,0,January
R2919,Rockit Valley Road,Valley,1/25/2023,0,January
R2919,Rockit Valley Road,Valley,1/25/2023,0,January
R2919,Rockit Valley Road,Valley,1/25/2023,3,January
R2919,Rockit Valley Road,Valley,1/25/2023,0,January
R2919,Rockit Valley Road,Valley,1/25/2023,0,January
R2919,Rockit Valley Road,Valley,1/25/2023,0,January
R2919,Rockit Valley Road,Valley,1/25/2023,0,January
R2919,Rockit Valley Road,Valley,1/25/2023,6,January
R2919,Rockit Valley Road,Valley,1/25/2023,0,January
R2946,Rockit Lowry Heretaunga,Omahu,1/25/2023,0,January
R2946,Rockit Lowry Heretaunga,Omahu,1/25/2023,0,January
R2946,Rockit Lowry Heretaunga,Omahu,1/25/2023,0,January
R2918,Rockit Lowry,Omahu,1/25/2023,0,January
R2918,Rockit Lowry,Omahu,1/25/2023,0,January
R2918,Rockit Lowry,Omahu,1/25/2023,0,January
R2918,Rockit Lowry,Omahu,1/25/2023,1,January
R2918,Rockit Lowry,Omahu,1/25/2023,0,January
R1936,Rockit Wharerangi,Puketapu,1/26/2023,0,January
R2636,Rockit Moteo Pa,Puketapu,1/26/2023,0,January
R2636,Rockit Moteo Pa,Puketapu,1/26/2023,0,January
R1936,Rockit Wharerangi,Puketapu,1/26/2023,0,January
R1936,Rockit Wharerangi,Puketapu,1/26/2023,0,January
R2150,Rockit Dartmoor Road,Puketapu,1/26/2023,0,January
R2150,Rockit Dartmoor Road,Puketapu,1/26/2023,0,January
R2879,Rockit Manzana,Puketapu,1/26/2023,0,January
R2879,Rockit Manzana,Puketapu,1/26/2023,0,January
R2879,Rockit Manzana,Puketapu,1/26/2023,0,January
R2879,Rockit Manzana,Puketapu,1/26/2023,0,January
R2886,Rockit Sim 2,Puketapu,1/26/2023,0,January
R2886,Rockit Sim 2,Puketapu,1/26/2023,0,January
R2901,Rockit Wharerangi 2,Puketapu,1/26/2023,0,January
R2901,Rockit Wharerangi 2,Puketapu,1/26/2023,0,January
R2900,Rockit Sim 1,Puketapu,1/26/2023,0,January
R2900,Rockit Sim 1,Puketapu,1/26/2023,0,January
R2900,Rockit Sim 1,Puketapu,1/26/2023,0,January
R2900,Rockit Sim 1,Puketapu,1/26/2023,0,January
R1149,Rockit Steel,Puketapu,1/26/2023,0,January
R1149,Rockit Steel,Puketapu,1/26/2023,0,January
R1149,Rockit Steel,Puketapu,1/26/2023,0,January
R1149,Rockit Steel,Puketapu,1/26/2023,0,January
R2925,Rockit Manzana 2,Puketapu,1/26/2023,0,January
R2925,Rockit Manzana 2,Puketapu,1/26/2023,0,January
R2925,Rockit Manzana 2,Puketapu,1/26/2023,0,January
R2945,Rockit Ormond,Napier,1/26/2023,0,January
R2945,Rockit Ormond,Napier,1/26/2023,0,January
R2945,Rockit Ormond,Napier,1/26/2023,0,January
R2945,Rockit Ormond,Napier,1/26/2023,1,January
R2712,Rockit Napier Road South (NRS),Napier,1/27/2023,0,January
R2775,Rockit Napier Road North (NRN),Napier,1/27/2023,0,January
R2775,Rockit Napier Road North (NRN),Napier,1/27/2023,0,January
R1639,Rockit Napier Road Central (NRC),Napier,1/27/2023,0,January
R1639,Rockit Napier Road Central (NRC),Napier,1/27/2023,0,January
R2776,Rockit Haumoana,Napier,1/27/2023,1,January
R2776,Rockit Haumoana,Napier,1/27/2023,0,January
R2776,Rockit Haumoana,Napier,1/27/2023,3,January
R2776,Rockit Haumoana,Napier,1/27/2023,0,January
R2447,Rockit Watson Road,Napier,1/27/2023,0,January
R2447,Rockit Watson Road,Napier,1/27/2023,0,January
R2917,Rockit Lawn Road,Napier,1/27/2023,0,January
R2917,Rockit Lawn Road,Napier,1/27/2023,0,January
R2917,Rockit Lawn Road,Napier,1/27/2023,0,January
R2917,Rockit Lawn Road,Napier,1/27/2023,0,January
R2917,Rockit Lawn Road,Napier,1/27/2023,0,January
R2917,Rockit Lawn Road,Napier,1/27/2023,0,January
R2329,Rockit Longlands,Bridge Pa,1/27/2023,0,January
R2329,Rockit Longlands,Bridge Pa,1/27/2023,0,January
R2329,Rockit Longlands,Bridge Pa,1/27/2023,0,January
R2329,Rockit Longlands,Bridge Pa,1/27/2023,5,January
R1232,Rockit Raukawa,Havelock,2/01/2023,0,February
R1232,Rockit Raukawa,Havelock,2/01/2023,0,February
R1233,Rockit Te Aute North (TRN),Havelock,2/01/2023,0,February
R1233,Rockit Te Aute North (TRN),Havelock,2/01/2023,0,February
R2534,Rockit Stock Road South (SRS),Havelock,2/01/2023,0,February
R2534,Rockit Stock Road South (SRS),Havelock,2/01/2023,0,February
R2534,Rockit Stock Road South (SRS),Havelock,2/01/2023,2,February
R2668,Rockit Te Aute South (TRS),Havelock,2/01/2023,0,February
R2724,Rockit Omahu,Omahu,2/01/2023,0,February
R2724,Rockit Omahu,Omahu,2/01/2023,0,February
R2724,Rockit Omahu,Omahu,2/01/2023,0,February
R2724,Rockit Omahu,Omahu,2/01/2023,4,February
R2724,Rockit Omahu,Omahu,2/01/2023,0,February
R2724,Rockit Omahu,Omahu,2/01/2023,1,February
R1230,Rockit Home Block,Havelock,2/01/2023,0,February
R1230,Rockit Home Block,Havelock,2/01/2023,0,February
R2899,Rockit Lobb,Havelock,2/01/2023,8,February
R2899,Rockit Lobb,Havelock,2/01/2023,0,February
R2880,Rockit Manahi,Havelock,2/01/2023,0,February
R2880,Rockit Manahi,Havelock,2/01/2023,0,February
R2880,Rockit Manahi,Havelock,2/01/2023,0,February
R2880,Rockit Manahi,Havelock,2/01/2023,1,February
R2880,Rockit Manahi,Havelock,2/01/2023,0,February
R2880,Rockit Manahi,Havelock,2/01/2023,0,February
R2219,Rockit Longacre (RLA),Bridge Pa,2/01/2023,0,February
R1230,Rockit Home Block,Havelock,2/01/2023,2,February
R1230,Rockit Home Block,Havelock,2/01/2023,0,February
R1230,Rockit Home Block,Havelock,2/01/2023,0,February
R1230,Rockit Home Block,Havelock,2/01/2023,0,February
R2924,Rockit Crown,Omahu,2/01/2023,0,February
R2924,Rockit Crown,Omahu,2/01/2023,0,February
R2924,Rockit Crown,Omahu,2/01/2023,1,February
R2219,Rockit Longacre (RLA),Bridge Pa,2/01/2023,0,February
R2926,Rockit Mana,Bridge Pa,2/01/2023,0,February
R2926,Rockit Mana,Bridge Pa,2/01/2023,1,February
R2927,Rockit Mana 2,Bridge Pa,2/01/2023,0,February
R2927,Rockit Mana 2,Bridge Pa,2/01/2023,0,February
R2534,Rockit Stock Road South (SRS),Havelock,2/01/2023,0,February
R2534,Rockit Stock Road South (SRS),Havelock,2/01/2023,0,February
R2924,Rockit Crown,Omahu,2/01/2023,6,February
R2219,Rockit Longacre (RLA),Bridge Pa,2/01/2023,0,February
R1580,Rockit Pioneer,Valley,2/01/2023,0,February
R1580,Rockit Pioneer,Valley,2/01/2023,0,February
R1580,Rockit Pioneer,Valley,2/01/2023,2,February
R1580,Rockit Pioneer,Valley,2/01/2023,0,February
R1580,Rockit Pioneer,Valley,2/01/2023,1,February
R2919,Rockit Valley Road,Valley,2/01/2023,1,February
R2919,Rockit Valley Road,Valley,2/01/2023,0,February
R2919,Rockit Valley Road,Valley,2/01/2023,0,February
R2919,Rockit Valley Road,Valley,2/01/2023,2,February
R2919,Rockit Valley Road,Valley,2/01/2023,0,February
R2919,Rockit Valley Road,Valley,2/01/2023,0,February
R2919,Rockit Valley Road,Valley,2/01/2023,0,February
R2919,Rockit Valley Road,Valley,2/01/2023,0,February
R2919,Rockit Valley Road,Valley,2/01/2023,0,February
R2919,Rockit Valley Road,Valley,2/01/2023,0,February
R2919,Rockit Valley Road,Valley,2/01/2023,0,February
R2919,Rockit Valley Road,Valley,2/01/2023,0,February
R2919,Rockit Valley Road,Valley,2/01/2023,0,February
R2919,Rockit Valley Road,Valley,2/01/2023,0,February
R2919,Rockit Valley Road,Valley,2/01/2023,0,February
R2919,Rockit Valley Road,Valley,2/01/2023,0,February
R2919,Rockit Valley Road,Valley,2/01/2023,0,February
R2919,Rockit Valley Road,Valley,2/01/2023,0,February
R2919,Rockit Valley Road,Valley,2/01/2023,1,February
R2919,Rockit Valley Road,Valley,2/01/2023,0,February
R2946,Rockit Lowry Heretaunga,Omahu,2/01/2023,1,February
R2946,Rockit Lowry Heretaunga,Omahu,2/01/2023,0,February
R2946,Rockit Lowry Heretaunga,Omahu,2/01/2023,5,February
R2918,Rockit Lowry,Omahu,2/01/2023,0,February
R2918,Rockit Lowry,Omahu,2/01/2023,0,February
R2918,Rockit Lowry,Omahu,2/01/2023,3,February
R2918,Rockit Lowry,Omahu,2/01/2023,0,February
R2918,Rockit Lowry,Omahu,2/01/2023,8,February
R1936,Rockit Wharerangi,Puketapu,2/02/2023,0,February
R2636,Rockit Moteo Pa,Puketapu,2/02/2023,0,February
R2636,Rockit Moteo Pa,Puketapu,2/02/2023,0,February
R1936,Rockit Wharerangi,Puketapu,2/02/2023,0,February
R1936,Rockit Wharerangi,Puketapu,2/02/2023,0,February
R2150,Rockit Dartmoor Road,Puketapu,2/02/2023,0,February
R2150,Rockit Dartmoor Road,Puketapu,2/02/2023,0,February
R2879,Rockit Manzana,Puketapu,2/02/2023,0,February
R2879,Rockit Manzana,Puketapu,2/02/2023,0,February
R2879,Rockit Manzana,Puketapu,2/02/2023,0,February
R2879,Rockit Manzana,Puketapu,2/02/2023,1,February
R2886,Rockit Sim 2,Puketapu,2/02/2023,0,February
R2886,Rockit Sim 2,Puketapu,2/02/2023,0,February
R2901,Rockit Wharerangi 2,Puketapu,2/02/2023,0,February
R2901,Rockit Wharerangi 2,Puketapu,2/02/2023,0,February
R2900,Rockit Sim 1,Puketapu,2/02/2023,0,February
R2900,Rockit Sim 1,Puketapu,2/02/2023,0,February
R2900,Rockit Sim 1,Puketapu,2/02/2023,0,February
R2900,Rockit Sim 1,Puketapu,2/02/2023,0,February
R1149,Rockit Steel,Puketapu,2/02/2023,0,February
R1149,Rockit Steel,Puketapu,2/02/2023,0,February
R1149,Rockit Steel,Puketapu,2/02/2023,0,February
R1149,Rockit Steel,Puketapu,2/02/2023,0,February
R2925,Rockit Manzana 2,Puketapu,2/02/2023,0,February
R2925,Rockit Manzana 2,Puketapu,2/02/2023,0,February
R2925,Rockit Manzana 2,Puketapu,2/02/2023,0,February
R2945,Rockit Ormond,Napier,2/02/2023,0,February
R2945,Rockit Ormond,Napier,2/02/2023,0,February
R2945,Rockit Ormond,Napier,2/02/2023,1,February
R2945,Rockit Ormond,Napier,2/02/2023,0,February
R2712,Rockit Napier Road South (NRS),Napier,2/03/2023,0,February
R2775,Rockit Napier Road North (NRN),Napier,2/03/2023,0,February
R2775,Rockit Napier Road North (NRN),Napier,2/03/2023,0,February
R1639,Rockit Napier Road Central (NRC),Napier,2/03/2023,0,February
R1639,Rockit Napier Road Central (NRC),Napier,2/03/2023,0,February
R2776,Rockit Haumoana,Napier,2/03/2023,8,February
R2776,Rockit Haumoana,Napier,2/03/2023,0,February
R2776,Rockit Haumoana,Napier,2/03/2023,2,February
R2776,Rockit Haumoana,Napier,2/03/2023,0,February
R2447,Rockit Watson Road,Napier,2/03/2023,0,February
R2447,Rockit Watson Road,Napier,2/03/2023,5,February
R2917,Rockit Lawn Road,Napier,2/03/2023,0,February
R2917,Rockit Lawn Road,Napier,2/03/2023,0,February
R2917,Rockit Lawn Road,Napier,2/03/2023,0,February
R2917,Rockit Lawn Road,Napier,2/03/2023,0,February
R2917,Rockit Lawn Road,Napier,2/03/2023,0,February
R2917,Rockit Lawn Road,Napier,2/03/2023,0,February
R2329,Rockit Longlands,Bridge Pa,2/03/2023,8,February
R2329,Rockit Longlands,Bridge Pa,2/03/2023,2,February
R2329,Rockit Longlands,Bridge Pa,2/03/2023,1,February
R2329,Rockit Longlands,Bridge Pa,2/03/2023,0,February
R1232,Rockit Raukawa,Havelock,2/08/2023,3,February
R1232,Rockit Raukawa,Havelock,2/08/2023,3,February
R1233,Rockit Te Aute North (TRN),Havelock,2/08/2023,0,February
R1233,Rockit Te Aute North (TRN),Havelock,2/08/2023,0,February
R2534,Rockit Stock Road South (SRS),Havelock,2/08/2023,0,February
R2534,Rockit Stock Road South (SRS),Havelock,2/08/2023,1,February
R2534,Rockit Stock Road South (SRS),Havelock,2/08/2023,1,February
R2668,Rockit Te Aute South (TRS),Havelock,2/08/2023,0,February
R2724,Rockit Omahu,Omahu,2/08/2023,1,February
R2724,Rockit Omahu,Omahu,2/08/2023,0,February
R2724,Rockit Omahu,Omahu,2/08/2023,0,February
R2724,Rockit Omahu,Omahu,2/08/2023,6,February
R2724,Rockit Omahu,Omahu,2/08/2023,1,February
R2724,Rockit Omahu,Omahu,2/08/2023,0,February
R1230,Rockit Home Block,Havelock,2/08/2023,0,February
R1230,Rockit Home Block,Havelock,2/08/2023,0,February
R2899,Rockit Lobb,Havelock,2/08/2023,1,February
R2899,Rockit Lobb,Havelock,2/08/2023,0,February
R2880,Rockit Manahi,Havelock,2/08/2023,0,February
R2880,Rockit Manahi,Havelock,2/08/2023,0,February
R2880,Rockit Manahi,Havelock,2/08/2023,0,February
R2880,Rockit Manahi,Havelock,2/08/2023,0,February
R2880,Rockit Manahi,Havelock,2/08/2023,0,February
R2880,Rockit Manahi,Havelock,2/08/2023,1,February
R2219,Rockit Longacre (RLA),Bridge Pa,2/08/2023,0,February
R1230,Rockit Home Block,Havelock,2/08/2023,1,February
R1230,Rockit Home Block,Havelock,2/08/2023,0,February
R1230,Rockit Home Block,Havelock,2/08/2023,0,February
R1230,Rockit Home Block,Havelock,2/08/2023,0,February
R2924,Rockit Crown,Omahu,2/08/2023,0,February
R2924,Rockit Crown,Omahu,2/08/2023,0,February
R2924,Rockit Crown,Omahu,2/08/2023,0,February
R2219,Rockit Longacre (RLA),Bridge Pa,2/08/2023,0,February
R2926,Rockit Mana,Bridge Pa,2/08/2023,0,February
R2926,Rockit Mana,Bridge Pa,2/08/2023,0,February
R2927,Rockit Mana 2,Bridge Pa,2/08/2023,0,February
R2927,Rockit Mana 2,Bridge Pa,2/08/2023,0,February
R2534,Rockit Stock Road South (SRS),Havelock,2/08/2023,0,February
R2534,Rockit Stock Road South (SRS),Havelock,2/08/2023,0,February
R2924,Rockit Crown,Omahu,2/08/2023,6,February
R2219,Rockit Longacre (RLA),Bridge Pa,2/08/2023,0,February
R1580,Rockit Pioneer,Valley,2/08/2023,2,February
R1580,Rockit Pioneer,Valley,2/08/2023,0,February
R1580,Rockit Pioneer,Valley,2/08/2023,0,February
R1580,Rockit Pioneer,Valley,2/08/2023,0,February
R1580,Rockit Pioneer,Valley,2/08/2023,0,February
R2919,Rockit Valley Road,Valley,2/08/2023,0,February
R2919,Rockit Valley Road,Valley,2/08/2023,0,February
R2919,Rockit Valley Road,Valley,2/08/2023,0,February
R2919,Rockit Valley Road,Valley,2/08/2023,2,February
R2919,Rockit Valley Road,Valley,2/08/2023,0,February
R2919,Rockit Valley Road,Valley,2/08/2023,1,February
R2919,Rockit Valley Road,Valley,2/08/2023,0,February
R2919,Rockit Valley Road,Valley,2/08/2023,0,February
R2919,Rockit Valley Road,Valley,2/08/2023,1,February
R2919,Rockit Valley Road,Valley,2/08/2023,0,February
R2919,Rockit Valley Road,Valley,2/08/2023,0,February
R2919,Rockit Valley Road,Valley,2/08/2023,0,February
R2919,Rockit Valley Road,Valley,2/08/2023,0,February
R2919,Rockit Valley Road,Valley,2/08/2023,0,February
R2919,Rockit Valley Road,Valley,2/08/2023,0,February
R2919,Rockit Valley Road,Valley,2/08/2023,1,February
R2919,Rockit Valley Road,Valley,2/08/2023,0,February
R2919,Rockit Valley Road,Valley,2/08/2023,0,February
R2919,Rockit Valley Road,Valley,2/08/2023,3,February
R2919,Rockit Valley Road,Valley,2/08/2023,0,February
R2946,Rockit Lowry Heretaunga,Omahu,2/08/2023,0,February
R2946,Rockit Lowry Heretaunga,Omahu,2/08/2023,0,February
R2946,Rockit Lowry Heretaunga,Omahu,2/08/2023,4,February
R2918,Rockit Lowry,Omahu,2/08/2023,0,February
R2918,Rockit Lowry,Omahu,2/08/2023,0,February
R2918,Rockit Lowry,Omahu,2/08/2023,4,February
R2918,Rockit Lowry,Omahu,2/08/2023,0,February
R2918,Rockit Lowry,Omahu,2/08/2023,4,February
R1936,Rockit Wharerangi,Puketapu,2/09/2023,0,February
R2636,Rockit Moteo Pa,Puketapu,2/09/2023,0,February
R2636,Rockit Moteo Pa,Puketapu,2/09/2023,0,February
R1936,Rockit Wharerangi,Puketapu,2/09/2023,0,February
R1936,Rockit Wharerangi,Puketapu,2/09/2023,0,February
R2150,Rockit Dartmoor Road,Puketapu,2/09/2023,0,February
R2150,Rockit Dartmoor Road,Puketapu,2/09/2023,0,February
R2879,Rockit Manzana,Puketapu,2/09/2023,0,February
R2879,Rockit Manzana,Puketapu,2/09/2023,0,February
R2879,Rockit Manzana,Puketapu,2/09/2023,0,February
R2879,Rockit Manzana,Puketapu,2/09/2023,0,February
R2886,Rockit Sim 2,Puketapu,2/09/2023,0,February
R2886,Rockit Sim 2,Puketapu,2/09/2023,0,February
R2901,Rockit Wharerangi 2,Puketapu,2/09/2023,0,February
R2901,Rockit Wharerangi 2,Puketapu,2/09/2023,0,February
R2900,Rockit Sim 1,Puketapu,2/09/2023,0,February
R2900,Rockit Sim 1,Puketapu,2/09/2023,0,February
R2900,Rockit Sim 1,Puketapu,2/09/2023,0,February
R2900,Rockit Sim 1,Puketapu,2/09/2023,0,February
R1149,Rockit Steel,Puketapu,2/09/2023,0,February
R1149,Rockit Steel,Puketapu,2/09/2023,0,February
R1149,Rockit Steel,Puketapu,2/09/2023,0,February
R1149,Rockit Steel,Puketapu,2/09/2023,1,February
R2925,Rockit Manzana 2,Puketapu,2/09/2023,0,February
R2925,Rockit Manzana 2,Puketapu,2/09/2023,0,February
R2925,Rockit Manzana 2,Puketapu,2/09/2023,1,February
R2945,Rockit Ormond,Napier,2/09/2023,0,February
R2945,Rockit Ormond,Napier,2/09/2023,0,February
R2945,Rockit Ormond,Napier,2/09/2023,0,February
R2945,Rockit Ormond,Napier,2/09/2023,0,February
R2712,Rockit Napier Road South (NRS),Napier,2/10/2023,0,February
R2775,Rockit Napier Road North (NRN),Napier,2/10/2023,0,February
R2775,Rockit Napier Road North (NRN),Napier,2/10/2023,0,February
R1639,Rockit Napier Road Central (NRC),Napier,2/10/2023,0,February
R1639,Rockit Napier Road Central (NRC),Napier,2/10/2023,0,February
R2776,Rockit Haumoana,Napier,2/10/2023,3,February
R2776,Rockit Haumoana,Napier,2/10/2023,0,February
R2776,Rockit Haumoana,Napier,2/10/2023,12,February
R2776,Rockit Haumoana,Napier,2/10/2023,2,February
R2447,Rockit Watson Road,Napier,2/10/2023,0,February
R2447,Rockit Watson Road,Napier,2/10/2023,2,February
R2917,Rockit Lawn Road,Napier,2/10/2023,0,February
R2917,Rockit Lawn Road,Napier,2/10/2023,0,February
R2917,Rockit Lawn Road,Napier,2/10/2023,0,February
R2917,Rockit Lawn Road,Napier,2/10/2023,0,February
R2917,Rockit Lawn Road,Napier,2/10/2023,1,February
R2917,Rockit Lawn Road,Napier,2/10/2023,0,February
R2329,Rockit Longlands,Bridge Pa,2/10/2023,0,February
R2329,Rockit Longlands,Bridge Pa,2/10/2023,3,February
R2329,Rockit Longlands,Bridge Pa,2/10/2023,0,February
R2329,Rockit Longlands,Bridge Pa,2/10/2023,1,February
R1232,Rockit Raukawa,Havelock,2/22/2023,0,February
R1232,Rockit Raukawa,Havelock,2/22/2023,3,February
R1233,Rockit Te Aute North (TRN),Havelock,2/22/2023,0,February
R1233,Rockit Te Aute North (TRN),Havelock,2/22/2023,0,February
R2534,Rockit Stock Road South (SRS),Havelock,2/22/2023,0,February
R2534,Rockit Stock Road South (SRS),Havelock,2/22/2023,0,February
R2534,Rockit Stock Road South (SRS),Havelock,2/22/2023,0,February
R2668,Rockit Te Aute South (TRS),Havelock,2/22/2023,0,February
R1230,Rockit Home Block,Havelock,2/22/2023,0,February
R1230,Rockit Home Block,Havelock,2/22/2023,0,February
R2899,Rockit Lobb,Havelock,2/22/2023,8,February
R2899,Rockit Lobb,Havelock,2/22/2023,0,February
R2880,Rockit Manahi,Havelock,2/22/2023,0,February
R2880,Rockit Manahi,Havelock,2/22/2023,0,February
R2880,Rockit Manahi,Havelock,2/22/2023,0,February
R2880,Rockit Manahi,Havelock,2/22/2023,0,February
R2880,Rockit Manahi,Havelock,2/22/2023,0,February
R2880,Rockit Manahi,Havelock,2/22/2023,0,February
R1230,Rockit Home Block,Havelock,2/22/2023,0,February
R1230,Rockit Home Block,Havelock,2/22/2023,0,February
R1230,Rockit Home Block,Havelock,2/22/2023,0,February
R1230,Rockit Home Block,Havelock,2/22/2023,0,February
R2924,Rockit Crown,Omahu,2/22/2023,0,February
R2924,Rockit Crown,Omahu,2/22/2023,0,February
R2924,Rockit Crown,Omahu,2/22/2023,2,February
R2926,Rockit Mana,Bridge Pa,2/22/2023,0,February
R2926,Rockit Mana,Bridge Pa,2/22/2023,2,February
R2927,Rockit Mana 2,Bridge Pa,2/22/2023,1,February
R2927,Rockit Mana 2,Bridge Pa,2/22/2023,0,February
R2534,Rockit Stock Road South (SRS),Havelock,2/22/2023,0,February
R2534,Rockit Stock Road South (SRS),Havelock,2/22/2023,0,February
R2924,Rockit Crown,Omahu,2/22/2023,0,February
R1580,Rockit Pioneer,Valley,2/22/2023,1,February
R1580,Rockit Pioneer,Valley,2/22/2023,1,February
R1580,Rockit Pioneer,Valley,2/22/2023,0,February
R1580,Rockit Pioneer,Valley,2/22/2023,0,February
R1580,Rockit Pioneer,Valley,2/22/2023,5,February
R2919,Rockit Valley Road,Valley,2/22/2023,0,February
R2919,Rockit Valley Road,Valley,2/22/2023,0,February
R2919,Rockit Valley Road,Valley,2/22/2023,0,February
R2919,Rockit Valley Road,Valley,2/22/2023,3,February
R2919,Rockit Valley Road,Valley,2/22/2023,0,February
R2919,Rockit Valley Road,Valley,2/22/2023,0,February
R2919,Rockit Valley Road,Valley,2/22/2023,0,February
R2919,Rockit Valley Road,Valley,2/22/2023,0,February
R2919,Rockit Valley Road,Valley,2/22/2023,0,February
R2919,Rockit Valley Road,Valley,2/22/2023,4,February
R2919,Rockit Valley Road,Valley,2/22/2023,0,February
R2919,Rockit Valley Road,Valley,2/22/2023,0,February
R2919,Rockit Valley Road,Valley,2/22/2023,0,February
R2919,Rockit Valley Road,Valley,2/22/2023,0,February
R2919,Rockit Valley Road,Valley,2/22/2023,0,February
R2919,Rockit Valley Road,Valley,2/22/2023,3,February
R2919,Rockit Valley Road,Valley,2/22/2023,0,February
R2919,Rockit Valley Road,Valley,2/22/2023,0,February
R2919,Rockit Valley Road,Valley,2/22/2023,2,February
R2919,Rockit Valley Road,Valley,2/22/2023,2,February
R2946,Rockit Lowry Heretaunga,Omahu,2/22/2023,0,February
R2946,Rockit Lowry Heretaunga,Omahu,2/22/2023,2,February
R2946,Rockit Lowry Heretaunga,Omahu,2/22/2023,0,February
R2918,Rockit Lowry,Omahu,2/22/2023,0,February
R2918,Rockit Lowry,Omahu,2/22/2023,2,February
R2918,Rockit Lowry,Omahu,2/22/2023,0,February
R2918,Rockit Lowry,Omahu,2/22/2023,0,February
R2918,Rockit Lowry,Omahu,2/22/2023,3,February
R1936,Rockit Wharerangi,Puketapu,2/23/2023,0,February
R1936,Rockit Wharerangi,Puketapu,2/23/2023,0,February
R1936,Rockit Wharerangi,Puketapu,2/23/2023,0,February
R2879,Rockit Manzana,Puketapu,2/23/2023,0,February
R2879,Rockit Manzana,Puketapu,2/23/2023,0,February
R2879,Rockit Manzana,Puketapu,2/23/2023,0,February
R2879,Rockit Manzana,Puketapu,2/23/2023,0,February
R2886,Rockit Sim 2,Puketapu,2/23/2023,0,February
R2886,Rockit Sim 2,Puketapu,2/23/2023,0,February
R2901,Rockit Wharerangi 2,Puketapu,2/23/2023,0,February
R2901,Rockit Wharerangi 2,Puketapu,2/23/2023,0,February
R1149,Rockit Steel,Puketapu,2/23/2023,0,February
R1149,Rockit Steel,Puketapu,2/23/2023,0,February
R1149,Rockit Steel,Puketapu,2/23/2023,0,February
R1149,Rockit Steel,Puketapu,2/23/2023,0,February
R2925,Rockit Manzana 2,Puketapu,2/23/2023,0,February
R2925,Rockit Manzana 2,Puketapu,2/23/2023,0,February
R2925,Rockit Manzana 2,Puketapu,2/23/2023,0,February
R2945,Rockit Ormond,Napier,2/23/2023,0,February
R2945,Rockit Ormond,Napier,2/23/2023,0,February
R2945,Rockit Ormond,Napier,2/23/2023,0,February
R2945,Rockit Ormond,Napier,2/23/2023,0,February
R2712,Rockit Napier Road South (NRS),Napier,2/24/2023,0,February
R2775,Rockit Napier Road North (NRN),Napier,2/24/2023,0,February
R2775,Rockit Napier Road North (NRN),Napier,2/24/2023,1,February
R1639,Rockit Napier Road Central (NRC),Napier,2/24/2023,0,February
R1639,Rockit Napier Road Central (NRC),Napier,2/24/2023,0,February
R2776,Rockit Haumoana,Napier,2/24/2023,9,February
R2776,Rockit Haumoana,Napier,2/24/2023,0,February
R2776,Rockit Haumoana,Napier,2/24/2023,6,February
R2776,Rockit Haumoana,Napier,2/24/2023,0,February
R2447,Rockit Watson Road,Napier,2/24/2023,0,February
R2447,Rockit Watson Road,Napier,2/24/2023,0,February
R2917,Rockit Lawn Road,Napier,2/24/2023,0,February
R2917,Rockit Lawn Road,Napier,2/24/2023,0,February
R2917,Rockit Lawn Road,Napier,2/24/2023,0,February
R2917,Rockit Lawn Road,Napier,2/24/2023,0,February
R2917,Rockit Lawn Road,Napier,2/24/2023,0,February
R2917,Rockit Lawn Road,Napier,2/24/2023,0,February
R2329,Rockit Longlands,Bridge Pa,2/24/2023,3,February
R2329,Rockit Longlands,Bridge Pa,2/24/2023,0,February
R2329,Rockit Longlands,Bridge Pa,2/24/2023,2,February
R2329,Rockit Longlands,Bridge Pa,2/24/2023,9,February
R1232,Rockit Raukawa,Havelock,3/01/2023,3,March
R1232,Rockit Raukawa,Havelock,3/01/2023,6,March
R1233,Rockit Te Aute North (TRN),Havelock,3/01/2023,1,March
R1233,Rockit Te Aute North (TRN),Havelock,3/01/2023,0,March
R2534,Rockit Stock Road South (SRS),Havelock,3/01/2023,0,March
R2534,Rockit Stock Road South (SRS),Havelock,3/01/2023,5,March
R2534,Rockit Stock Road South (SRS),Havelock,3/01/2023,0,March
R2668,Rockit Te Aute South (TRS),Havelock,3/01/2023,0,March
R2724,Rockit Omahu,Omahu,3/01/2023,0,March
R2724,Rockit Omahu,Omahu,3/01/2023,0,March
R1230,Rockit Home Block,Havelock,3/01/2023,1,March
R1230,Rockit Home Block,Havelock,3/01/2023,0,March
R2899,Rockit Lobb,Havelock,3/01/2023,1,March
R2899,Rockit Lobb,Havelock,3/01/2023,0,March
R2880,Rockit Manahi,Havelock,3/01/2023,7,March
R2880,Rockit Manahi,Havelock,3/01/2023,0,March
R2880,Rockit Manahi,Havelock,3/01/2023,1,March
R2880,Rockit Manahi,Havelock,3/01/2023,0,March
R2880,Rockit Manahi,Havelock,3/01/2023,0,March
R2880,Rockit Manahi,Havelock,3/01/2023,4,March
R2219,Rockit Longacre (RLA),Bridge Pa,3/01/2023,0,March
R1230,Rockit Home Block,Havelock,3/01/2023,6,March
R1230,Rockit Home Block,Havelock,3/01/2023,8,March
R1230,Rockit Home Block,Havelock,3/01/2023,0,March
R1230,Rockit Home Block,Havelock,3/01/2023,0,March
R2924,Rockit Crown,Omahu,3/01/2023,0,March
R2924,Rockit Crown,Omahu,3/01/2023,0,March
R2924,Rockit Crown,Omahu,3/01/2023,0,March
R2926,Rockit Mana,Bridge Pa,3/01/2023,0,March
R2926,Rockit Mana,Bridge Pa,3/01/2023,1,March
R2927,Rockit Mana 2,Bridge Pa,3/01/2023,3,March
R2927,Rockit Mana 2,Bridge Pa,3/01/2023,0,March
R2534,Rockit Stock Road South (SRS),Havelock,3/01/2023,1,March
R2534,Rockit Stock Road South (SRS),Havelock,3/01/2023,0,March
R2924,Rockit Crown,Omahu,3/01/2023,0,March
R2219,Rockit Longacre (RLA),Bridge Pa,3/01/2023,0,March
R1580,Rockit Pioneer,Valley,3/01/2023,2,March
R1580,Rockit Pioneer,Valley,3/01/2023,8,March
R1580,Rockit Pioneer,Valley,3/01/2023,3,March
R1580,Rockit Pioneer,Valley,3/01/2023,0,March
R1580,Rockit Pioneer,Valley,3/01/2023,1,March
R2919,Rockit Valley Road,Valley,3/01/2023,0,March
R2919,Rockit Valley Road,Valley,3/01/2023,0,March
R2919,Rockit Valley Road,Valley,3/01/2023,0,March
R2919,Rockit Valley Road,Valley,3/01/2023,0,March
R2919,Rockit Valley Road,Valley,3/01/2023,0,March
R2919,Rockit Valley Road,Valley,3/01/2023,0,March
R2919,Rockit Valley Road,Valley,3/01/2023,0,March
R2919,Rockit Valley Road,Valley,3/01/2023,0,March
R2919,Rockit Valley Road,Valley,3/01/2023,2,March
R2919,Rockit Valley Road,Valley,3/01/2023,9,March
R2919,Rockit Valley Road,Valley,3/01/2023,0,March
R2919,Rockit Valley Road,Valley,3/01/2023,1,March
R2919,Rockit Valley Road,Valley,3/01/2023,0,March
R2919,Rockit Valley Road,Valley,3/01/2023,0,March
R2919,Rockit Valley Road,Valley,3/01/2023,0,March
R2919,Rockit Valley Road,Valley,3/01/2023,4,March
R2919,Rockit Valley Road,Valley,3/01/2023,0,March
R2919,Rockit Valley Road,Valley,3/01/2023,0,March
R2919,Rockit Valley Road,Valley,3/01/2023,2,March
R2919,Rockit Valley Road,Valley,3/01/2023,6,March
R2946,Rockit Lowry Heretaunga,Omahu,3/01/2023,0,March
R2946,Rockit Lowry Heretaunga,Omahu,3/01/2023,0,March
R2946,Rockit Lowry Heretaunga,Omahu,3/01/2023,5,March
R2918,Rockit Lowry,Omahu,3/01/2023,0,March
R2918,Rockit Lowry,Omahu,3/01/2023,1,March
R2918,Rockit Lowry,Omahu,3/01/2023,0,March
R2918,Rockit Lowry,Omahu,3/01/2023,2,March
R2918,Rockit Lowry,Omahu,3/01/2023,6,March
R1936,Rockit Wharerangi,Puketapu,3/02/2023,0,March
R2636,Rockit Moteo Pa,Puketapu,3/02/2023,0,March
R2636,Rockit Moteo Pa,Puketapu,3/02/2023,0,March
R1936,Rockit Wharerangi,Puketapu,3/02/2023,0,March
R1936,Rockit Wharerangi,Puketapu,3/02/2023,0,March
R2879,Rockit Manzana,Puketapu,3/02/2023,0,March
R2879,Rockit Manzana,Puketapu,3/02/2023,0,March
R2879,Rockit Manzana,Puketapu,3/02/2023,0,March
R2879,Rockit Manzana,Puketapu,3/02/2023,0,March
R2886,Rockit Sim 2,Puketapu,3/02/2023,0,March
R2886,Rockit Sim 2,Puketapu,3/02/2023,0,March
R2901,Rockit Wharerangi 2,Puketapu,3/02/2023,0,March
R2901,Rockit Wharerangi 2,Puketapu,3/02/2023,0,March
R1149,Rockit Steel,Puketapu,3/02/2023,0,March
R1149,Rockit Steel,Puketapu,3/02/2023,0,March
R1149,Rockit Steel,Puketapu,3/02/2023,0,March
R1149,Rockit Steel,Puketapu,3/02/2023,0,March
R2925,Rockit Manzana 2,Puketapu,3/02/2023,0,March
R2925,Rockit Manzana 2,Puketapu,3/02/2023,0,March
R2925,Rockit Manzana 2,Puketapu,3/02/2023,0,March
R2945,Rockit Ormond,Napier,3/02/2023,0,March
R2945,Rockit Ormond,Napier,3/02/2023,0,March
R2945,Rockit Ormond,Napier,3/02/2023,3,March
R2945,Rockit Ormond,Napier,3/02/2023,0,March
R2712,Rockit Napier Road South (NRS),Napier,3/03/2023,0,March
R2775,Rockit Napier Road North (NRN),Napier,3/03/2023,0,March
R2775,Rockit Napier Road North (NRN),Napier,3/03/2023,0,March
R1639,Rockit Napier Road Central (NRC),Napier,3/03/2023,0,March
R1639,Rockit Napier Road Central (NRC),Napier,3/03/2023,0,March
R2776,Rockit Haumoana,Napier,3/03/2023,2,March
R2776,Rockit Haumoana,Napier,3/03/2023,2,March
R2776,Rockit Haumoana,Napier,3/03/2023,10,March
R2776,Rockit Haumoana,Napier,3/03/2023,2,March
R2447,Rockit Watson Road,Napier,3/03/2023,0,March
R2447,Rockit Watson Road,Napier,3/03/2023,0,March
R2917,Rockit Lawn Road,Napier,3/03/2023,0,March
R2917,Rockit Lawn Road,Napier,3/03/2023,0,March
R2917,Rockit Lawn Road,Napier,3/03/2023,0,March
R2917,Rockit Lawn Road,Napier,3/03/2023,0,March
R2917,Rockit Lawn Road,Napier,3/03/2023,0,March
R2917,Rockit Lawn Road,Napier,3/03/2023,0,March
R2329,Rockit Longlands,Bridge Pa,3/03/2023,0,March
R2329,Rockit Longlands,Bridge Pa,3/03/2023,1,March
R2329,Rockit Longlands,Bridge Pa,3/03/2023,1,March
R2329,Rockit Longlands,Bridge Pa,3/03/2023,7,March
R1232,Rockit Raukawa,Havelock,3/08/2023,2,March
R1232,Rockit Raukawa,Havelock,3/08/2023,9,March
R1233,Rockit Te Aute North (TRN),Havelock,3/08/2023,0,March
R1233,Rockit Te Aute North (TRN),Havelock,3/08/2023,0,March
R2534,Rockit Stock Road South (SRS),Havelock,3/08/2023,0,March
R2534,Rockit Stock Road South (SRS),Havelock,3/08/2023,2,March
R2534,Rockit Stock Road South (SRS),Havelock,3/08/2023,0,March
R2668,Rockit Te Aute South (TRS),Havelock,3/08/2023,0,March
R2724,Rockit Omahu,Omahu,3/08/2023,0,March
R2724,Rockit Omahu,Omahu,3/08/2023,0,March
R1230,Rockit Home Block,Havelock,3/08/2023,0,March
R1230,Rockit Home Block,Havelock,3/08/2023,0,March
R2899,Rockit Lobb,Havelock,3/08/2023,0,March
R2899,Rockit Lobb,Havelock,3/08/2023,0,March
R2880,Rockit Manahi,Havelock,3/08/2023,3,March
R2880,Rockit Manahi,Havelock,3/08/2023,0,March
R2880,Rockit Manahi,Havelock,3/08/2023,0,March
R2880,Rockit Manahi,Havelock,3/08/2023,0,March
R2880,Rockit Manahi,Havelock,3/08/2023,0,March
R2880,Rockit Manahi,Havelock,3/08/2023,0,March
R2219,Rockit Longacre (RLA),Bridge Pa,3/08/2023,0,March
R1230,Rockit Home Block,Havelock,3/08/2023,2,March
R1230,Rockit Home Block,Havelock,3/08/2023,1,March
R1230,Rockit Home Block,Havelock,3/08/2023,0,March
R1230,Rockit Home Block,Havelock,3/08/2023,0,March
R2924,Rockit Crown,Omahu,3/08/2023,0,March
R2924,Rockit Crown,Omahu,3/08/2023,0,March
R2924,Rockit Crown,Omahu,3/08/2023,1,March
R2926,Rockit Mana,Bridge Pa,3/08/2023,0,March
R2926,Rockit Mana,Bridge Pa,3/08/2023,1,March
R2927,Rockit Mana 2,Bridge Pa,3/08/2023,1,March
R2927,Rockit Mana 2,Bridge Pa,3/08/2023,0,March
R2534,Rockit Stock Road South (SRS),Havelock,3/08/2023,0,March
R2534,Rockit Stock Road South (SRS),Havelock,3/08/2023,0,March
R2924,Rockit Crown,Omahu,3/08/2023,31,March
R1580,Rockit Pioneer,Valley,3/08/2023,2,March
R1580,Rockit Pioneer,Valley,3/08/2023,12,March
R1580,Rockit Pioneer,Valley,3/08/2023,9,March
R1580,Rockit Pioneer,Valley,3/08/2023,1,March
R1580,Rockit Pioneer,Valley,3/08/2023,8,March
R2919,Rockit Valley Road,Valley,3/08/2023,3,March
R2919,Rockit Valley Road,Valley,3/08/2023,0,March
R2919,Rockit Valley Road,Valley,3/08/2023,0,March
R2919,Rockit Valley Road,Valley,3/08/2023,0,March
R2919,Rockit Valley Road,Valley,3/08/2023,0,March
R2919,Rockit Valley Road,Valley,3/08/2023,0,March
R2919,Rockit Valley Road,Valley,3/08/2023,0,March
R2919,Rockit Valley Road,Valley,3/08/2023,0,March
R2919,Rockit Valley Road,Valley,3/08/2023,0,March
R2919,Rockit Valley Road,Valley,3/08/2023,0,March
R2919,Rockit Valley Road,Valley,3/08/2023,0,March
R2919,Rockit Valley Road,Valley,3/08/2023,0,March
R2919,Rockit Valley Road,Valley,3/08/2023,0,March
R2919,Rockit Valley Road,Valley,3/08/2023,0,March
R2919,Rockit Valley Road,Valley,3/08/2023,0,March
R2919,Rockit Valley Road,Valley,3/08/2023,0,March
R2919,Rockit Valley Road,Valley,3/08/2023,0,March
R2919,Rockit Valley Road,Valley,3/08/2023,0,March
R2919,Rockit Valley Road,Valley,3/08/2023,0,March
R2946,Rockit Lowry Heretaunga,Omahu,3/08/2023,0,March
R2946,Rockit Lowry Heretaunga,Omahu,3/08/2023,0,March
R2946,Rockit Lowry Heretaunga,Omahu,3/08/2023,14,March
R2918,Rockit Lowry,Omahu,3/08/2023,0,March
R2918,Rockit Lowry,Omahu,3/08/2023,0,March
R2918,Rockit Lowry,Omahu,3/08/2023,0,March
R2918,Rockit Lowry,Omahu,3/08/2023,0,March
R2918,Rockit Lowry,Omahu,3/08/2023,42,March
R1936,Rockit Wharerangi,Puketapu,3/09/2023,0,March
R1936,Rockit Wharerangi,Puketapu,3/09/2023,0,March
R1936,Rockit Wharerangi,Puketapu,3/09/2023,0,March
R2879,Rockit Manzana,Puketapu,3/09/2023,0,March
R2879,Rockit Manzana,Puketapu,3/09/2023,0,March
R2879,Rockit Manzana,Puketapu,3/09/2023,0,March
R2879,Rockit Manzana,Puketapu,3/09/2023,0,March
R2886,Rockit Sim 2,Puketapu,3/09/2023,0,March
R2886,Rockit Sim 2,Puketapu,3/09/2023,1,March
R2901,Rockit Wharerangi 2,Puketapu,3/09/2023,0,March
R2901,Rockit Wharerangi 2,Puketapu,3/09/2023,0,March
R1149,Rockit Steel,Puketapu,3/09/2023,0,March
R1149,Rockit Steel,Puketapu,3/09/2023,0,March
R1149,Rockit Steel,Puketapu,3/09/2023,0,March
R1149,Rockit Steel,Puketapu,3/09/2023,0,March
R2925,Rockit Manzana 2,Puketapu,3/09/2023,0,March
R2925,Rockit Manzana 2,Puketapu,3/09/2023,0,March
R2925,Rockit Manzana 2,Puketapu,3/09/2023,4,March
R2945,Rockit Ormond,Napier,3/09/2023,0,March
R2945,Rockit Ormond,Napier,3/09/2023,0,March
R2945,Rockit Ormond,Napier,3/09/2023,0,March
R2945,Rockit Ormond,Napier,3/09/2023,0,March
R2712,Rockit Napier Road South (NRS),Napier,3/10/2023,0,March
R2775,Rockit Napier Road North (NRN),Napier,3/10/2023,0,March
R2775,Rockit Napier Road North (NRN),Napier,3/10/2023,0,March
R1639,Rockit Napier Road Central (NRC),Napier,3/10/2023,0,March
R1639,Rockit Napier Road Central (NRC),Napier,3/10/2023,0,March
R2776,Rockit Haumoana,Napier,3/10/2023,1,March
R2776,Rockit Haumoana,Napier,3/10/2023,1,March
R2776,Rockit Haumoana,Napier,3/10/2023,3,March
R2776,Rockit Haumoana,Napier,3/10/2023,2,March
R2447,Rockit Watson Road,Napier,3/10/2023,0,March
R2447,Rockit Watson Road,Napier,3/10/2023,0,March
R2917,Rockit Lawn Road,Napier,3/10/2023,0,March
R2917,Rockit Lawn Road,Napier,3/10/2023,0,March
R2917,Rockit Lawn Road,Napier,3/10/2023,0,March
R2917,Rockit Lawn Road,Napier,3/10/2023,0,March
R2917,Rockit Lawn Road,Napier,3/10/2023,1,March
R2917,Rockit Lawn Road,Napier,3/10/2023,0,March
R2329,Rockit Longlands,Bridge Pa,3/10/2023,0,March
R2329,Rockit Longlands,Bridge Pa,3/10/2023,2,March
R2329,Rockit Longlands,Bridge Pa,3/10/2023,0,March
R2329,Rockit Longlands,Bridge Pa,3/10/2023,5,March
R1232,Rockit Raukawa,Havelock,3/15/2023,3,March
R1232,Rockit Raukawa,Havelock,3/15/2023,0,March
R1233,Rockit Te Aute North (TRN),Havelock,3/15/2023,0,March
R1233,Rockit Te Aute North (TRN),Havelock,3/15/2023,1,March
R2534,Rockit Stock Road South (SRS),Havelock,3/15/2023,0,March
R2534,Rockit Stock Road South (SRS),Havelock,3/15/2023,0,March
R2534,Rockit Stock Road South (SRS),Havelock,3/15/2023,0,March
R2668,Rockit Te Aute South (TRS),Havelock,3/15/2023,1,March
R2724,Rockit Omahu,Omahu,3/15/2023,0,March
R2724,Rockit Omahu,Omahu,3/15/2023,0,March
R1230,Rockit Home Block,Havelock,3/15/2023,0,March
R1230,Rockit Home Block,Havelock,3/15/2023,0,March
R2899,Rockit Lobb,Havelock,3/15/2023,0,March
R2899,Rockit Lobb,Havelock,3/15/2023,0,March
R2880,Rockit Manahi,Havelock,3/15/2023,1,March
R2880,Rockit Manahi,Havelock,3/15/2023,0,March
R2880,Rockit Manahi,Havelock,3/15/2023,0,March
R2880,Rockit Manahi,Havelock,3/15/2023,0,March
R2880,Rockit Manahi,Havelock,3/15/2023,0,March
R2880,Rockit Manahi,Havelock,3/15/2023,1,March
R1230,Rockit Home Block,Havelock,3/15/2023,1,March
R1230,Rockit Home Block,Havelock,3/15/2023,3,March
R1230,Rockit Home Block,Havelock,3/15/2023,0,March
R1230,Rockit Home Block,Havelock,3/15/2023,0,March
R2924,Rockit Crown,Omahu,3/15/2023,0,March
R2924,Rockit Crown,Omahu,3/15/2023,0,March
R2924,Rockit Crown,Omahu,3/15/2023,0,March
R2926,Rockit Mana,Bridge Pa,3/15/2023,0,March
R2926,Rockit Mana,Bridge Pa,3/15/2023,2,March
R2927,Rockit Mana 2,Bridge Pa,3/15/2023,0,March
R2927,Rockit Mana 2,Bridge Pa,3/15/2023,0,March
R2534,Rockit Stock Road South (SRS),Havelock,3/15/2023,0,March
R2534,Rockit Stock Road South (SRS),Havelock,3/15/2023,0,March
R2924,Rockit Crown,Omahu,3/15/2023,11,March
R1580,Rockit Pioneer,Valley,3/15/2023,2,March
R1580,Rockit Pioneer,Valley,3/15/2023,0,March
R1580,Rockit Pioneer,Valley,3/15/2023,6,March
R1580,Rockit Pioneer,Valley,3/15/2023,2,March
R1580,Rockit Pioneer,Valley,3/15/2023,4,March
R2919,Rockit Valley Road,Valley,3/15/2023,5,March
R2919,Rockit Valley Road,Valley,3/15/2023,0,March
R2919,Rockit Valley Road,Valley,3/15/2023,0,March
R2919,Rockit Valley Road,Valley,3/15/2023,0,March
R2919,Rockit Valley Road,Valley,3/15/2023,0,March
R2919,Rockit Valley Road,Valley,3/15/2023,0,March
R2919,Rockit Valley Road,Valley,3/15/2023,1,March
R2919,Rockit Valley Road,Valley,3/15/2023,0,March
R2919,Rockit Valley Road,Valley,3/15/2023,1,March
R2919,Rockit Valley Road,Valley,3/15/2023,0,March
R2919,Rockit Valley Road,Valley,3/15/2023,0,March
R2919,Rockit Valley Road,Valley,3/15/2023,0,March
R2919,Rockit Valley Road,Valley,3/15/2023,3,March
R2919,Rockit Valley Road,Valley,3/15/2023,0,March
R2919,Rockit Valley Road,Valley,3/15/2023,0,March
R2919,Rockit Valley Road,Valley,3/15/2023,11,March
R2919,Rockit Valley Road,Valley,3/15/2023,0,March
R2919,Rockit Valley Road,Valley,3/15/2023,2,March
R2919,Rockit Valley Road,Valley,3/15/2023,22,March
R2919,Rockit Valley Road,Valley,3/15/2023,4,March
R2946,Rockit Lowry Heretaunga,Omahu,3/15/2023,0,March
R2946,Rockit Lowry Heretaunga,Omahu,3/15/2023,0,March
R2946,Rockit Lowry Heretaunga,Omahu,3/15/2023,0,March
R2918,Rockit Lowry,Omahu,3/15/2023,1,March
R2918,Rockit Lowry,Omahu,3/15/2023,0,March
R2918,Rockit Lowry,Omahu,3/15/2023,4,March
R2918,Rockit Lowry,Omahu,3/15/2023,0,March
R2918,Rockit Lowry,Omahu,3/15/2023,8,March
R1936,Rockit Wharerangi,Puketapu,3/16/2023,0,March
R1936,Rockit Wharerangi,Puketapu,3/16/2023,0,March
R1936,Rockit Wharerangi,Puketapu,3/16/2023,0,March
R2879,Rockit Manzana,Puketapu,3/16/2023,0,March
R2879,Rockit Manzana,Puketapu,3/16/2023,0,March
R2879,Rockit Manzana,Puketapu,3/16/2023,0,March
R2879,Rockit Manzana,Puketapu,3/16/2023,0,March
R2901,Rockit Wharerangi 2,Puketapu,3/16/2023,0,March
R2901,Rockit Wharerangi 2,Puketapu,3/16/2023,0,March
R2925,Rockit Manzana 2,Puketapu,3/16/2023,0,March
R2925,Rockit Manzana 2,Puketapu,3/16/2023,0,March
R2925,Rockit Manzana 2,Puketapu,3/16/2023,0,March
R2945,Rockit Ormond,Napier,3/16/2023,0,March
R2945,Rockit Ormond,Napier,3/16/2023,0,March
R2945,Rockit Ormond,Napier,3/16/2023,4,March
R2945,Rockit Ormond,Napier,3/16/2023,0,March
R2712,Rockit Napier Road South (NRS),Napier,3/17/2023,0,March
R2775,Rockit Napier Road North (NRN),Napier,3/17/2023,0,March
R2775,Rockit Napier Road North (NRN),Napier,3/17/2023,0,March
R1639,Rockit Napier Road Central (NRC),Napier,3/17/2023,0,March
R1639,Rockit Napier Road Central (NRC),Napier,3/17/2023,0,March
R2776,Rockit Haumoana,Napier,3/17/2023,2,March
R2776,Rockit Haumoana,Napier,3/17/2023,0,March
R2776,Rockit Haumoana,Napier,3/17/2023,4,March
R2776,Rockit Haumoana,Napier,3/17/2023,3,March
R2447,Rockit Watson Road,Napier,3/17/2023,0,March
R2447,Rockit Watson Road,Napier,3/17/2023,0,March
R2917,Rockit Lawn Road,Napier,3/17/2023,0,March
R2917,Rockit Lawn Road,Napier,3/17/2023,0,March
R2917,Rockit Lawn Road,Napier,3/17/2023,0,March
R2917,Rockit Lawn Road,Napier,3/17/2023,0,March
R2917,Rockit Lawn Road,Napier,3/17/2023,1,March
R2917,Rockit Lawn Road,Napier,3/17/2023,0,March
R2329,Rockit Longlands,Bridge Pa,3/17/2023,0,March
R2329,Rockit Longlands,Bridge Pa,3/17/2023,0,March
R2329,Rockit Longlands,Bridge Pa,3/17/2023,0,March
R2329,Rockit Longlands,Bridge Pa,3/17/2023,10,March
R1232,Rockit Raukawa,Havelock,3/22/2023,7,March
R1232,Rockit Raukawa,Havelock,3/22/2023,0,March
R1233,Rockit Te Aute North (TRN),Havelock,3/22/2023,0,March
R1233,Rockit Te Aute North (TRN),Havelock,3/22/2023,0,March
R2534,Rockit Stock Road South (SRS),Havelock,3/22/2023,1,March
R2534,Rockit Stock Road South (SRS),Havelock,3/22/2023,1,March
R2534,Rockit Stock Road South (SRS),Havelock,3/22/2023,0,March
R2668,Rockit Te Aute South (TRS),Havelock,3/22/2023,0,March
R2724,Rockit Omahu,Omahu,3/22/2023,4,March
R2724,Rockit Omahu,Omahu,3/22/2023,0,March
R1230,Rockit Home Block,Havelock,3/22/2023,0,March
R1230,Rockit Home Block,Havelock,3/22/2023,0,March
R2899,Rockit Lobb,Havelock,3/22/2023,0,March
R2899,Rockit Lobb,Havelock,3/22/2023,0,March
R2880,Rockit Manahi,Havelock,3/22/2023,0,March
R2880,Rockit Manahi,Havelock,3/22/2023,0,March
R2880,Rockit Manahi,Havelock,3/22/2023,0,March
R2880,Rockit Manahi,Havelock,3/22/2023,0,March
R2880,Rockit Manahi,Havelock,3/22/2023,0,March
R2880,Rockit Manahi,Havelock,3/22/2023,0,March
R1230,Rockit Home Block,Havelock,3/22/2023,0,March
R1230,Rockit Home Block,Havelock,3/22/2023,0,March
R1230,Rockit Home Block,Havelock,3/22/2023,0,March
R1230,Rockit Home Block,Havelock,3/22/2023,1,March
R2924,Rockit Crown,Omahu,3/22/2023,0,March
R2924,Rockit Crown,Omahu,3/22/2023,0,March
R2924,Rockit Crown,Omahu,3/22/2023,0,March
R2926,Rockit Mana,Bridge Pa,3/22/2023,1,March
R2926,Rockit Mana,Bridge Pa,3/22/2023,0,March
R2927,Rockit Mana 2,Bridge Pa,3/22/2023,0,March
R2927,Rockit Mana 2,Bridge Pa,3/22/2023,0,March
R2534,Rockit Stock Road South (SRS),Havelock,3/22/2023,0,March
R2534,Rockit Stock Road South (SRS),Havelock,3/22/2023,0,March
R2924,Rockit Crown,Omahu,3/22/2023,6,March
R1580,Rockit Pioneer,Valley,3/22/2023,4,March
R1580,Rockit Pioneer,Valley,3/22/2023,23,March
R1580,Rockit Pioneer,Valley,3/22/2023,3,March
R1580,Rockit Pioneer,Valley,3/22/2023,1,March
R1580,Rockit Pioneer,Valley,3/22/2023,3,March
R2919,Rockit Valley Road,Valley,3/22/2023,8,March
R2919,Rockit Valley Road,Valley,3/22/2023,0,March
R2919,Rockit Valley Road,Valley,3/22/2023,1,March
R2919,Rockit Valley Road,Valley,3/22/2023,1,March
R2919,Rockit Valley Road,Valley,3/22/2023,0,March
R2919,Rockit Valley Road,Valley,3/22/2023,0,March
R2919,Rockit Valley Road,Valley,3/22/2023,0,March
R2919,Rockit Valley Road,Valley,3/22/2023,0,March
R2919,Rockit Valley Road,Valley,3/22/2023,0,March
R2919,Rockit Valley Road,Valley,3/22/2023,2,March
R2919,Rockit Valley Road,Valley,3/22/2023,2,March
R2919,Rockit Valley Road,Valley,3/22/2023,2,March
R2919,Rockit Valley Road,Valley,3/22/2023,0,March
R2919,Rockit Valley Road,Valley,3/22/2023,6,March
R2919,Rockit Valley Road,Valley,3/22/2023,0,March
R2919,Rockit Valley Road,Valley,3/22/2023,9,March
R2919,Rockit Valley Road,Valley,3/22/2023,0,March
R2919,Rockit Valley Road,Valley,3/22/2023,2,March
R2919,Rockit Valley Road,Valley,3/22/2023,5,March
R2919,Rockit Valley Road,Valley,3/22/2023,0,March
R2946,Rockit Lowry Heretaunga,Omahu,3/22/2023,2,March
R2946,Rockit Lowry Heretaunga,Omahu,3/22/2023,0,March
R2946,Rockit Lowry Heretaunga,Omahu,3/22/2023,6,March
R2918,Rockit Lowry,Omahu,3/22/2023,0,March
R2918,Rockit Lowry,Omahu,3/22/2023,0,March
R2918,Rockit Lowry,Omahu,3/22/2023,3,March
R2918,Rockit Lowry,Omahu,3/22/2023,0,March
R2918,Rockit Lowry,Omahu,3/22/2023,14,March
R1936,Rockit Wharerangi,Puketapu,3/23/2023,0,March
R1936,Rockit Wharerangi,Puketapu,3/23/2023,0,March
R1936,Rockit Wharerangi,Puketapu,3/23/2023,0,March
R2879,Rockit Manzana,Puketapu,3/23/2023,0,March
R2879,Rockit Manzana,Puketapu,3/23/2023,0,March
R2901,Rockit Wharerangi 2,Puketapu,3/23/2023,0,March
R2901,Rockit Wharerangi 2,Puketapu,3/23/2023,0,March
R2925,Rockit Manzana 2,Puketapu,3/23/2023,0,March
R2925,Rockit Manzana 2,Puketapu,3/23/2023,5,March
R2925,Rockit Manzana 2,Puketapu,3/23/2023,3,March
R2945,Rockit Ormond,Napier,3/23/2023,0,March
R2945,Rockit Ormond,Napier,3/23/2023,6,March
R2945,Rockit Ormond,Napier,3/23/2023,11,March
R2945,Rockit Ormond,Napier,3/23/2023,0,March
R2712,Rockit Napier Road South (NRS),Napier,3/24/2023,0,March
R2775,Rockit Napier Road North (NRN),Napier,3/24/2023,0,March
R2775,Rockit Napier Road North (NRN),Napier,3/24/2023,0,March
R1639,Rockit Napier Road Central (NRC),Napier,3/24/2023,3,March
R1639,Rockit Napier Road Central (NRC),Napier,3/24/2023,0,March
R2776,Rockit Haumoana,Napier,3/24/2023,8,March
R2776,Rockit Haumoana,Napier,3/24/2023,1,March
R2776,Rockit Haumoana,Napier,3/24/2023,4,March
R2776,Rockit Haumoana,Napier,3/24/2023,0,March
R2447,Rockit Watson Road,Napier,3/24/2023,1,March
R2447,Rockit Watson Road,Napier,3/24/2023,5,March
R2917,Rockit Lawn Road,Napier,3/24/2023,0,March
R2917,Rockit Lawn Road,Napier,3/24/2023,0,March
R2917,Rockit Lawn Road,Napier,3/24/2023,1,March
R2917,Rockit Lawn Road,Napier,3/24/2023,2,March
R2917,Rockit Lawn Road,Napier,3/24/2023,0,March
R2917,Rockit Lawn Road,Napier,3/24/2023,0,March
R2329,Rockit Longlands,Bridge Pa,3/24/2023,3,March
R2329,Rockit Longlands,Bridge Pa,3/24/2023,3,March
R2329,Rockit Longlands,Bridge Pa,3/24/2023,1,March
R2329,Rockit Longlands,Bridge Pa,3/24/2023,11,March
R1232,Rockit Raukawa,Havelock,3/29/2023,0,March
R1232,Rockit Raukawa,Havelock,3/29/2023,0,March
R1233,Rockit Te Aute North (TRN),Havelock,3/29/2023,0,March
R1233,Rockit Te Aute North (TRN),Havelock,3/29/2023,0,March
R2534,Rockit Stock Road South (SRS),Havelock,3/29/2023,0,March
R2534,Rockit Stock Road South (SRS),Havelock,3/29/2023,2,March
R2534,Rockit Stock Road South (SRS),Havelock,3/29/2023,1,March
R2668,Rockit Te Aute South (TRS),Havelock,3/29/2023,4,March
R2724,Rockit Omahu,Omahu,3/29/2023,0,March
R2724,Rockit Omahu,Omahu,3/29/2023,0,March
R1230,Rockit Home Block,Havelock,3/29/2023,0,March
R1230,Rockit Home Block,Havelock,3/29/2023,0,March
R2899,Rockit Lobb,Havelock,3/29/2023,0,March
R2899,Rockit Lobb,Havelock,3/29/2023,0,March
R2880,Rockit Manahi,Havelock,3/29/2023,0,March
R2880,Rockit Manahi,Havelock,3/29/2023,0,March
R2880,Rockit Manahi,Havelock,3/29/2023,0,March
R2880,Rockit Manahi,Havelock,3/29/2023,0,March
R2880,Rockit Manahi,Havelock,3/29/2023,0,March
R2880,Rockit Manahi,Havelock,3/29/2023,4,March
R1230,Rockit Home Block,Havelock,3/29/2023,2,March
R1230,Rockit Home Block,Havelock,3/29/2023,0,March
R1230,Rockit Home Block,Havelock,3/29/2023,0,March
R1230,Rockit Home Block,Havelock,3/29/2023,0,March
R2924,Rockit Crown,Omahu,3/29/2023,4,March
R2924,Rockit Crown,Omahu,3/29/2023,0,March
R2924,Rockit Crown,Omahu,3/29/2023,0,March
R2926,Rockit Mana,Bridge Pa,3/29/2023,0,March
R2926,Rockit Mana,Bridge Pa,3/29/2023,2,March
R2927,Rockit Mana 2,Bridge Pa,3/29/2023,0,March
R2927,Rockit Mana 2,Bridge Pa,3/29/2023,0,March
R2534,Rockit Stock Road South (SRS),Havelock,3/29/2023,0,March
R2534,Rockit Stock Road South (SRS),Havelock,3/29/2023,3,March
R2924,Rockit Crown,Omahu,3/29/2023,5,March
R1580,Rockit Pioneer,Valley,3/29/2023,3,March
R1580,Rockit Pioneer,Valley,3/29/2023,2,March
R1580,Rockit Pioneer,Valley,3/29/2023,4,March
R1580,Rockit Pioneer,Valley,3/29/2023,1,March
R1580,Rockit Pioneer,Valley,3/29/2023,3,March
R2919,Rockit Valley Road,Valley,3/29/2023,6,March
R2919,Rockit Valley Road,Valley,3/29/2023,0,March
R2919,Rockit Valley Road,Valley,3/29/2023,0,March
R2919,Rockit Valley Road,Valley,3/29/2023,0,March
R2919,Rockit Valley Road,Valley,3/29/2023,0,March
R2919,Rockit Valley Road,Valley,3/29/2023,0,March
R2919,Rockit Valley Road,Valley,3/29/2023,0,March
R2919,Rockit Valley Road,Valley,3/29/2023,0,March
R2919,Rockit Valley Road,Valley,3/29/2023,0,March
R2919,Rockit Valley Road,Valley,3/29/2023,2,March
R2919,Rockit Valley Road,Valley,3/29/2023,0,March
R2919,Rockit Valley Road,Valley,3/29/2023,2,March
R2919,Rockit Valley Road,Valley,3/29/2023,3,March
R2919,Rockit Valley Road,Valley,3/29/2023,2,March
R2919,Rockit Valley Road,Valley,3/29/2023,1,March
R2919,Rockit Valley Road,Valley,3/29/2023,1,March
R2919,Rockit Valley Road,Valley,3/29/2023,0,March
R2919,Rockit Valley Road,Valley,3/29/2023,3,March
R2919,Rockit Valley Road,Valley,3/29/2023,8,March
R2919,Rockit Valley Road,Valley,3/29/2023,3,March
R2946,Rockit Lowry Heretaunga,Omahu,3/29/2023,0,March
R2946,Rockit Lowry Heretaunga,Omahu,3/29/2023,0,March
R2946,Rockit Lowry Heretaunga,Omahu,3/29/2023,4,March
R2918,Rockit Lowry,Omahu,3/29/2023,0,March
R2918,Rockit Lowry,Omahu,3/29/2023,0,March
R2918,Rockit Lowry,Omahu,3/29/2023,5,March
R2918,Rockit Lowry,Omahu,3/29/2023,0,March
R2918,Rockit Lowry,Omahu,3/29/2023,6,March
R1936,Rockit Wharerangi,Puketapu,3/30/2023,0,March
R1936,Rockit Wharerangi,Puketapu,3/30/2023,0,March
R1936,Rockit Wharerangi,Puketapu,3/30/2023,0,March
R2879,Rockit Manzana,Puketapu,3/30/2023,0,March
R2879,Rockit Manzana,Puketapu,3/30/2023,4,March
R2901,Rockit Wharerangi 2,Puketapu,3/30/2023,0,March
R2901,Rockit Wharerangi 2,Puketapu,3/30/2023,2,March
R2925,Rockit Manzana 2,Puketapu,3/30/2023,0,March
R2925,Rockit Manzana 2,Puketapu,3/30/2023,6,March
R2925,Rockit Manzana 2,Puketapu,3/30/2023,6,March
R2945,Rockit Ormond,Napier,3/30/2023,0,March
R2945,Rockit Ormond,Napier,3/30/2023,1,March
R2945,Rockit Ormond,Napier,3/30/2023,3,March
R2945,Rockit Ormond,Napier,3/30/2023,0,March
R2712,Rockit Napier Road South (NRS),Napier,3/31/2023,1,March
R2775,Rockit Napier Road North (NRN),Napier,3/31/2023,0,March
R2775,Rockit Napier Road North (NRN),Napier,3/31/2023,0,March
R1639,Rockit Napier Road Central (NRC),Napier,3/31/2023,1,March
R1639,Rockit Napier Road Central (NRC),Napier,3/31/2023,0,March
R2776,Rockit Haumoana,Napier,3/31/2023,0,March
R2776,Rockit Haumoana,Napier,3/31/2023,5,March
R2776,Rockit Haumoana,Napier,3/31/2023,2,March
R2776,Rockit Haumoana,Napier,3/31/2023,1,March
R2447,Rockit Watson Road,Napier,3/31/2023,1,March
R2447,Rockit Watson Road,Napier,3/31/2023,2,March
R2917,Rockit Lawn Road,Napier,3/31/2023,0,March
R2917,Rockit Lawn Road,Napier,3/31/2023,0,March
R2917,Rockit Lawn Road,Napier,3/31/2023,3,March
R2917,Rockit Lawn Road,Napier,3/31/2023,1,March
R2917,Rockit Lawn Road,Napier,3/31/2023,0,March
R2917,Rockit Lawn Road,Napier,3/31/2023,0,March
R2329,Rockit Longlands,Bridge Pa,3/31/2023,1,March
R2329,Rockit Longlands,Bridge Pa,3/31/2023,0,March
R2329,Rockit Longlands,Bridge Pa,3/31/2023,4,March
R2329,Rockit Longlands,Bridge Pa,3/31/2023,20,March
