rpin,orchard,Sector,Calendar week,week from Biofix,Codling Moth,av trap/week
R2219,RLA,Bridge Pa,45,4,0,
R2219,RLA,Bridge Pa,45,4,0,
R2926,Mana,Bridge Pa,45,4,0,
R2926,Mana,Bridge Pa,45,4,0,
R2927,Mana 2,Bridge Pa,45,4,0,
R2927,Mana 2,Bridge Pa,45,4,0,
R2219,RLA,Bridge Pa,45,4,0,
R2329,Longlands,Bridge Pa,45,4,0,
R2329,Longlands,Bridge Pa,45,4,0,
R2329,Longlands,Bridge Pa,45,4,0,
R2329,Longlands,Bridge Pa,45,4,0,0
R2219,RLA,Bridge Pa,46,5,0,
R2219,RLA,Bridge Pa,46,5,0,
R2926,Mana,Bridge Pa,46,5,0,
R2926,Mana,Bridge Pa,46,5,0,
R2927,Mana 2,Bridge Pa,46,5,0,
R2927,Mana 2,Bridge Pa,46,5,0,
R2219,RLA,Bridge Pa,46,5,0,
R2329,Longlands,Bridge Pa,46,5,0,
R2329,Longlands,Bridge Pa,46,5,0,
R2329,Longlands,Bridge Pa,46,5,0,
R2329,Longlands,Bridge Pa,46,5,0,0
R2219,RLA,Bridge Pa,47,6,0,
R2219,RLA,Bridge Pa,47,6,0,
R2926,Mana,Bridge Pa,47,6,0,
R2926,Mana,Bridge Pa,47,6,0,
R2927,Mana 2,Bridge Pa,47,6,1,
R2927,Mana 2,Bridge Pa,47,6,0,
R2219,RLA,Bridge Pa,47,6,0,
R2329,Longlands,Bridge Pa,47,6,0,
R2329,Longlands,Bridge Pa,47,6,0,
R2329,Longlands,Bridge Pa,47,6,0,
R2329,Longlands,Bridge Pa,47,6,0,0.09
R2219,RLA,Bridge Pa,48,7,0,
R2219,RLA,Bridge Pa,48,7,0,
R2926,Mana,Bridge Pa,48,7,0,
R2926,Mana,Bridge Pa,48,7,0,
R2927,Mana 2,Bridge Pa,48,7,0,
R2927,Mana 2,Bridge Pa,48,7,0,
R2219,RLA,Bridge Pa,48,7,0,
R2329,Longlands,Bridge Pa,48,7,0,
R2329,Longlands,Bridge Pa,48,7,0,
R2329,Longlands,Bridge Pa,48,7,1,
R2329,Longlands,Bridge Pa,48,7,0,0.09
R2219,RLA,Bridge Pa,49,8,0,
R2219,RLA,Bridge Pa,49,8,0,
R2926,Mana,Bridge Pa,49,8,0,
R2926,Mana,Bridge Pa,49,8,0,
R2927,Mana 2,Bridge Pa,49,8,0,
R2927,Mana 2,Bridge Pa,49,8,0,
R2219,RLA,Bridge Pa,49,8,0,
R2329,Longlands,Bridge Pa,49,8,0,
R2329,Longlands,Bridge Pa,49,8,0,
R2329,Longlands,Bridge Pa,49,8,0,0
R2329,Longlands,Bridge Pa,49,8,0,
R2219,RLA,Bridge Pa,50,9,0,
R2219,RLA,Bridge Pa,50,9,0,
R2926,Mana,Bridge Pa,50,9,0,
R2926,Mana,Bridge Pa,50,9,0,
R2927,Mana 2,Bridge Pa,50,9,0,
R2927,Mana 2,Bridge Pa,50,9,0,
R2219,RLA,Bridge Pa,50,9,0,
R2329,Longlands,Bridge Pa,50,9,0,
R2329,Longlands,Bridge Pa,50,9,2,
R2329,Longlands,Bridge Pa,50,9,0,
R2329,Longlands,Bridge Pa,50,9,0,0.18
R2219,RLA,Bridge Pa,51,10,0,
R2219,RLA,Bridge Pa,51,10,0,
R2926,Mana,Bridge Pa,51,10,0,
R2926,Mana,Bridge Pa,51,10,0,
R2927,Mana 2,Bridge Pa,51,10,0,
R2927,Mana 2,Bridge Pa,51,10,0,
R2219,RLA,Bridge Pa,51,10,0,
R2329,Longlands,Bridge Pa,51,10,0,
R2329,Longlands,Bridge Pa,51,10,0,
R2329,Longlands,Bridge Pa,51,10,0,
R2329,Longlands,Bridge Pa,51,10,0,0
R2219,RLA,Bridge Pa,52,11,0,
R2219,RLA,Bridge Pa,52,11,0,
R2926,Mana,Bridge Pa,52,11,0,
R2926,Mana,Bridge Pa,52,11,0,
R2927,Mana 2,Bridge Pa,52,11,0,
R2927,Mana 2,Bridge Pa,52,11,0,
R2219,RLA,Bridge Pa,52,11,0,
R2329,Longlands,Bridge Pa,52,11,0,
R2329,Longlands,Bridge Pa,52,11,0,
R2329,Longlands,Bridge Pa,52,11,1,
R2329,Longlands,Bridge Pa,52,11,0,0.09
R2219,RLA,Bridge Pa,53,12,0,
R2219,RLA,Bridge Pa,53,12,0,
R2926,Mana,Bridge Pa,53,12,0,
R2926,Mana,Bridge Pa,53,12,0,
R2927,Mana 2,Bridge Pa,53,12,0,
R2927,Mana 2,Bridge Pa,53,12,0,
R2219,RLA,Bridge Pa,53,12,0,
R2329,Longlands,Bridge Pa,53,12,0,
R2329,Longlands,Bridge Pa,53,12,0,
R2329,Longlands,Bridge Pa,53,12,0,
R2329,Longlands,Bridge Pa,53,12,0,0
R2219,RLA,Bridge Pa,1,13,0,
R2219,RLA,Bridge Pa,1,13,0,
R2926,Mana,Bridge Pa,1,13,0,
R2926,Mana,Bridge Pa,1,13,0,
R2927,Mana 2,Bridge Pa,1,13,0,
R2927,Mana 2,Bridge Pa,1,13,0,
R2219,RLA,Bridge Pa,1,13,0,
R2329,Longlands,Bridge Pa,1,13,0,
R2329,Longlands,Bridge Pa,1,13,0,
R2329,Longlands,Bridge Pa,1,13,0,
R2329,Longlands,Bridge Pa,1,13,0,0
R2219,RLA,Bridge Pa,2,14,0,
R2219,RLA,Bridge Pa,2,14,0,
R2926,Mana,Bridge Pa,2,14,0,
R2926,Mana,Bridge Pa,2,14,0,
R2927,Mana 2,Bridge Pa,2,14,1,
R2927,Mana 2,Bridge Pa,2,14,0,
R2219,RLA,Bridge Pa,2,14,0,
R2329,Longlands,Bridge Pa,2,14,0,
R2329,Longlands,Bridge Pa,2,14,1,
R2329,Longlands,Bridge Pa,2,14,0,
R2329,Longlands,Bridge Pa,2,14,0,0.18
R2219,RLA,Bridge Pa,3,15,0,
R2219,RLA,Bridge Pa,3,15,0,
R2926,Mana,Bridge Pa,3,15,0,
R2926,Mana,Bridge Pa,3,15,0,
R2927,Mana 2,Bridge Pa,3,15,0,
R2927,Mana 2,Bridge Pa,3,15,0,
R2219,RLA,Bridge Pa,3,15,0,
R2329,Longlands,Bridge Pa,3,15,1,
R2329,Longlands,Bridge Pa,3,15,2,
R2329,Longlands,Bridge Pa,3,15,0,
R2329,Longlands,Bridge Pa,3,15,0,0.27
R2219,RLA,Bridge Pa,4,16,0,
R2219,RLA,Bridge Pa,4,16,0,
R2926,Mana,Bridge Pa,4,16,0,
R2926,Mana,Bridge Pa,4,16,0,
R2927,Mana 2,Bridge Pa,4,16,0,
R2927,Mana 2,Bridge Pa,4,16,0,
R2219,RLA,Bridge Pa,4,16,0,0.18
R2329,Longlands,Bridge Pa,4,16,1,
R2329,Longlands,Bridge Pa,4,16,0,
R2329,Longlands,Bridge Pa,4,16,0,
R2329,Longlands,Bridge Pa,4,16,1,
R2219,RLA,Bridge Pa,5,17,0,
R2219,RLA,Bridge Pa,5,17,0,
R2926,Mana,Bridge Pa,5,17,0,
R2926,Mana,Bridge Pa,5,17,0,
R2927,Mana 2,Bridge Pa,5,17,0,
R2927,Mana 2,Bridge Pa,5,17,0,
R2219,RLA,Bridge Pa,5,17,0,
R2329,Longlands,Bridge Pa,5,17,0,
R2329,Longlands,Bridge Pa,5,17,0,
R2329,Longlands,Bridge Pa,5,17,0,
R2329,Longlands,Bridge Pa,5,17,0,0
R2219,RLA,Bridge Pa,6,18,0,
R2219,RLA,Bridge Pa,6,18,0,
R2926,Mana,Bridge Pa,6,18,1,
R2926,Mana,Bridge Pa,6,18,0,
R2927,Mana 2,Bridge Pa,6,18,0,
R2927,Mana 2,Bridge Pa,6,18,0,
R2219,RLA,Bridge Pa,6,18,0,
R2329,Longlands,Bridge Pa,6,18,0,
R2329,Longlands,Bridge Pa,6,18,0,
R2329,Longlands,Bridge Pa,6,18,0,
R2329,Longlands,Bridge Pa,6,18,0,0.09
R2219,RLA,Bridge Pa,7,19,0,
R2219,RLA,Bridge Pa,7,19,0,
R2926,Mana,Bridge Pa,7,19,0,
R2926,Mana,Bridge Pa,7,19,0,
R2927,Mana 2,Bridge Pa,7,19,2,
R2927,Mana 2,Bridge Pa,7,19,0,
R2329,Longlands,Bridge Pa,7,19,0,
R2329,Longlands,Bridge Pa,7,19,0,
R2329,Longlands,Bridge Pa,7,19,0,
R2329,Longlands,Bridge Pa,7,19,0,0.2
R2219,RLA,Bridge Pa,8,20,0,
R2926,Mana,Bridge Pa,8,20,2,
R2926,Mana,Bridge Pa,8,20,0,
R2927,Mana 2,Bridge Pa,8,20,1,
R2927,Mana 2,Bridge Pa,8,20,0,
R2219,RLA,Bridge Pa,8,20,0,0.3
R2329,Longlands,Bridge Pa,8,20,0,
R2329,Longlands,Bridge Pa,8,20,0,
R2329,Longlands,Bridge Pa,8,20,0,
R2329,Longlands,Bridge Pa,8,20,0,
R2219,RLA,Bridge Pa,9,21,0,
R2926,Mana,Bridge Pa,9,21,0,
R2926,Mana,Bridge Pa,9,21,0,
R2927,Mana 2,Bridge Pa,9,21,0,
R2927,Mana 2,Bridge Pa,9,21,0,
R2329,Longlands,Bridge Pa,9,21,0,
R2329,Longlands,Bridge Pa,9,21,0,
R2329,Longlands,Bridge Pa,9,21,0,
R2329,Longlands,Bridge Pa,9,21,0,0
R2926,Mana,Bridge Pa,10,22,0,
R2926,Mana,Bridge Pa,10,22,0,
R2927,Mana 2,Bridge Pa,10,22,0,
R2927,Mana 2,Bridge Pa,10,22,0,
R2329,Longlands,Bridge Pa,10,22,0,
R2329,Longlands,Bridge Pa,10,22,0,
R2329,Longlands,Bridge Pa,10,22,0,
R2329,Longlands,Bridge Pa,10,22,0,0
R2926,Mana,Bridge Pa,11,23,0,
R2926,Mana,Bridge Pa,11,23,0,
R2927,Mana 2,Bridge Pa,11,23,0,
R2927,Mana 2,Bridge Pa,11,23,0,
R2329,Longlands,Bridge Pa,11,23,0,
R2329,Longlands,Bridge Pa,11,23,0,
R2329,Longlands,Bridge Pa,11,23,0,
R2329,Longlands,Bridge Pa,11,23,0,0
R2926,Mana,Bridge Pa,12,24,0,
R2926,Mana,Bridge Pa,12,24,0,
R2927,Mana 2,Bridge Pa,12,24,0,
R2927,Mana 2,Bridge Pa,12,24,0,
R2329,Longlands,Bridge Pa,12,24,0,
R2329,Longlands,Bridge Pa,12,24,0,0
R2329,Longlands,Bridge Pa,12,24,0,
R2329,Longlands,Bridge Pa,12,24,0,
R1232,Raukawa,Havelock,45,4,0,
R1232,Raukawa,Havelock,45,4,0,
R1233,TRN,Havelock,45,4,0,
R1233,TRN,Havelock,45,4,0,
R2534,SRS,Havelock,45,4,0,0
R2534,SRS,Havelock,45,4,0,
R2534,SRS,Havelock,45,4,0,
R2534,SRS,Havelock,45,4,0,
R2668,TRS,Havelock,45,4,0,
R1230,Home,Havelock,45,4,0,
R1230,Home,Havelock,45,4,0,
R2899,Lobb,Havelock,45,4,0,
R2899,Lobb,Havelock,45,4,0,
R2880,Manahi,Havelock,45,4,0,
R2880,Manahi,Havelock,45,4,0,
R2880,Manahi,Havelock,45,4,0,
R2880,Manahi,Havelock,45,4,0,
R2880,Manahi,Havelock,45,4,0,
R2880,Manahi,Havelock,45,4,0,
R1230,Home,Havelock,45,4,0,
R1230,Home,Havelock,45,4,0,
R1230,Home,Havelock,45,4,0,
R1230,Home,Havelock,45,4,0,
R2534,SRS,Havelock,45,4,0,
R2534,SRS,Havelock,45,4,0,
R1232,Raukawa,Havelock,46,5,6,
R1232,Raukawa,Havelock,46,5,1,
R1233,TRN,Havelock,46,5,0,
R1233,TRN,Havelock,46,5,0,
R2534,SRS,Havelock,46,5,0,
R2534,SRS,Havelock,46,5,0,
R2534,SRS,Havelock,46,5,0,
R2534,SRS,Havelock,46,5,0,
R2668,TRS,Havelock,46,5,0,
R1230,Home,Havelock,46,5,0,
R1230,Home,Havelock,46,5,0,
R2899,Lobb,Havelock,46,5,0,
R2899,Lobb,Havelock,46,5,0,
R2880,Manahi,Havelock,46,5,0,
R2880,Manahi,Havelock,46,5,0,
R2880,Manahi,Havelock,46,5,0,
R2880,Manahi,Havelock,46,5,0,
R2880,Manahi,Havelock,46,5,0,
R2880,Manahi,Havelock,46,5,2,
R1230,Home,Havelock,46,5,0,
R1230,Home,Havelock,46,5,0,
R1230,Home,Havelock,46,5,0,0.36
R1230,Home,Havelock,46,5,0,
R2534,SRS,Havelock,46,5,0,
R2534,SRS,Havelock,46,5,0,
R1232,Raukawa,Havelock,47,6,0,
R1232,Raukawa,Havelock,47,6,2,
R1233,TRN,Havelock,47,6,0,
R1233,TRN,Havelock,47,6,0,
R2534,SRS,Havelock,47,6,0,
R2534,SRS,Havelock,47,6,0,
R2534,SRS,Havelock,47,6,0,
R2534,SRS,Havelock,47,6,0,
R2668,TRS,Havelock,47,6,0,
R1230,Home,Havelock,47,6,0,
R1230,Home,Havelock,47,6,0,
R2899,Lobb,Havelock,47,6,0,
R2899,Lobb,Havelock,47,6,0,
R2880,Manahi,Havelock,47,6,0,
R2880,Manahi,Havelock,47,6,0,
R2880,Manahi,Havelock,47,6,0,
R2880,Manahi,Havelock,47,6,0,
R2880,Manahi,Havelock,47,6,0,
R2880,Manahi,Havelock,47,6,0,
R1230,Home,Havelock,47,6,0,
R1230,Home,Havelock,47,6,0,
R1230,Home,Havelock,47,6,0,
R1230,Home,Havelock,47,6,0,
R2534,SRS,Havelock,47,6,0,
R2534,SRS,Havelock,47,6,0,0.08
R1232,Raukawa,Havelock,48,7,1,
R1232,Raukawa,Havelock,48,7,0,
R1233,TRN,Havelock,48,7,0,
R1233,TRN,Havelock,48,7,0,
R2534,SRS,Havelock,48,7,0,
R2534,SRS,Havelock,48,7,0,
R2534,SRS,Havelock,48,7,0,
R2534,SRS,Havelock,48,7,0,
R2668,TRS,Havelock,48,7,0,
R1230,Home,Havelock,48,7,0,
R1230,Home,Havelock,48,7,0,
R2899,Lobb,Havelock,48,7,0,
R2899,Lobb,Havelock,48,7,0,
R2880,Manahi,Havelock,48,7,0,0.04
R2880,Manahi,Havelock,48,7,0,
R2880,Manahi,Havelock,48,7,0,
R2880,Manahi,Havelock,48,7,0,
R2880,Manahi,Havelock,48,7,0,
R2880,Manahi,Havelock,48,7,0,
R1230,Home,Havelock,48,7,0,
R1230,Home,Havelock,48,7,0,
R1230,Home,Havelock,48,7,0,
R1230,Home,Havelock,48,7,0,
R2534,SRS,Havelock,48,7,0,
R2534,SRS,Havelock,48,7,0,
R1232,Raukawa,Havelock,49,8,0,
R1232,Raukawa,Havelock,49,8,0,
R1233,TRN,Havelock,49,8,0,
R1233,TRN,Havelock,49,8,0,
R2534,SRS,Havelock,49,8,0,
R2534,SRS,Havelock,49,8,0,
R2534,SRS,Havelock,49,8,0,
R2534,SRS,Havelock,49,8,0,
R2668,TRS,Havelock,49,8,0,
R1230,Home,Havelock,49,8,0,
R1230,Home,Havelock,49,8,0,
R2899,Lobb,Havelock,49,8,0,
R2899,Lobb,Havelock,49,8,0,
R2880,Manahi,Havelock,49,8,0,
R2880,Manahi,Havelock,49,8,0,
R2880,Manahi,Havelock,49,8,0,
R2880,Manahi,Havelock,49,8,0,
R2880,Manahi,Havelock,49,8,0,
R2880,Manahi,Havelock,49,8,0,
R1230,Home,Havelock,49,8,0,
R1230,Home,Havelock,49,8,0,
R1230,Home,Havelock,49,8,0,
R1230,Home,Havelock,49,8,0,
R2534,SRS,Havelock,49,8,0,
R2534,SRS,Havelock,49,8,0,0
R1232,Raukawa,Havelock,50,9,0,
R1232,Raukawa,Havelock,50,9,0,
R1233,TRN,Havelock,50,9,0,
R1233,TRN,Havelock,50,9,0,
R2534,SRS,Havelock,50,9,0,
R2534,SRS,Havelock,50,9,0,
R2534,SRS,Havelock,50,9,0,
R2534,SRS,Havelock,50,9,0,
R2668,TRS,Havelock,50,9,0,
R1230,Home,Havelock,50,9,0,
R1230,Home,Havelock,50,9,0,
R2899,Lobb,Havelock,50,9,0,
R2899,Lobb,Havelock,50,9,0,
R2880,Manahi,Havelock,50,9,0,
R2880,Manahi,Havelock,50,9,0,
R2880,Manahi,Havelock,50,9,0,
R2880,Manahi,Havelock,50,9,0,
R2880,Manahi,Havelock,50,9,0,
R2880,Manahi,Havelock,50,9,0,
R1230,Home,Havelock,50,9,0,
R1230,Home,Havelock,50,9,0,
R1230,Home,Havelock,50,9,0,
R1230,Home,Havelock,50,9,0,
R2534,SRS,Havelock,50,9,0,
R2534,SRS,Havelock,50,9,0,0
R1232,Raukawa,Havelock,51,10,0,
R1232,Raukawa,Havelock,51,10,0,
R1233,TRN,Havelock,51,10,0,
R1233,TRN,Havelock,51,10,0,
R2534,SRS,Havelock,51,10,0,
R2534,SRS,Havelock,51,10,0,
R2534,SRS,Havelock,51,10,0,
R2534,SRS,Havelock,51,10,0,
R2668,TRS,Havelock,51,10,1,
R1230,Home,Havelock,51,10,0,
R1230,Home,Havelock,51,10,0,
R2899,Lobb,Havelock,51,10,0,
R2899,Lobb,Havelock,51,10,0,
R2880,Manahi,Havelock,51,10,0,
R2880,Manahi,Havelock,51,10,1,
R2880,Manahi,Havelock,51,10,0,
R2880,Manahi,Havelock,51,10,0,
R2880,Manahi,Havelock,51,10,0,
R2880,Manahi,Havelock,51,10,0,
R1230,Home,Havelock,51,10,0,
R1230,Home,Havelock,51,10,0,0.08
R1230,Home,Havelock,51,10,0,
R1230,Home,Havelock,51,10,0,
R2534,SRS,Havelock,51,10,0,
R2534,SRS,Havelock,51,10,0,
R1232,Raukawa,Havelock,52,11,0,
R1232,Raukawa,Havelock,52,11,0,
R1233,TRN,Havelock,52,11,0,
R1233,TRN,Havelock,52,11,0,
R2534,SRS,Havelock,52,11,2,
R2534,SRS,Havelock,52,11,0,
R2534,SRS,Havelock,52,11,3,
R2534,SRS,Havelock,52,11,1,
R2668,TRS,Havelock,52,11,0,
R1230,Home,Havelock,52,11,1,
R1230,Home,Havelock,52,11,3,
R2899,Lobb,Havelock,52,11,0,
R2899,Lobb,Havelock,52,11,0,
R2880,Manahi,Havelock,52,11,0,
R2880,Manahi,Havelock,52,11,0,
R2880,Manahi,Havelock,52,11,0,
R2880,Manahi,Havelock,52,11,0,
R2880,Manahi,Havelock,52,11,0,
R2880,Manahi,Havelock,52,11,0,
R1230,Home,Havelock,52,11,0,
R1230,Home,Havelock,52,11,0,
R1230,Home,Havelock,52,11,0,
R1230,Home,Havelock,52,11,0,
R2534,SRS,Havelock,52,11,0,
R2534,SRS,Havelock,52,11,0,0.4
R1232,Raukawa,Havelock,53,12,0,
R1232,Raukawa,Havelock,53,12,0,
R1233,TRN,Havelock,53,12,0,
R1233,TRN,Havelock,53,12,0,
R2534,SRS,Havelock,53,12,0,
R2534,SRS,Havelock,53,12,0,
R2534,SRS,Havelock,53,12,0,
R2534,SRS,Havelock,53,12,0,
R2668,TRS,Havelock,53,12,0,
R1230,Home,Havelock,53,12,0,
R1230,Home,Havelock,53,12,0,0.04
R2899,Lobb,Havelock,53,12,0,
R2899,Lobb,Havelock,53,12,0,
R2880,Manahi,Havelock,53,12,0,
R2880,Manahi,Havelock,53,12,0,
R2880,Manahi,Havelock,53,12,1,
R2880,Manahi,Havelock,53,12,0,
R2880,Manahi,Havelock,53,12,0,
R2880,Manahi,Havelock,53,12,0,
R1230,Home,Havelock,53,12,0,
R1230,Home,Havelock,53,12,0,
R1230,Home,Havelock,53,12,0,
R1230,Home,Havelock,53,12,0,
R2534,SRS,Havelock,53,12,0,
R2534,SRS,Havelock,53,12,0,
R1232,Raukawa,Havelock,1,13,0,
R1232,Raukawa,Havelock,1,13,0,
R1233,TRN,Havelock,1,13,0,
R1233,TRN,Havelock,1,13,0,
R2534,SRS,Havelock,1,13,0,
R2534,SRS,Havelock,1,13,0,
R2534,SRS,Havelock,1,13,0,
R2534,SRS,Havelock,1,13,1,
R2668,TRS,Havelock,1,13,0,
R1230,Home,Havelock,1,13,0,
R1230,Home,Havelock,1,13,0,
R2899,Lobb,Havelock,1,13,0,
R2899,Lobb,Havelock,1,13,0,
R2880,Manahi,Havelock,1,13,0,
R2880,Manahi,Havelock,1,13,0,
R2880,Manahi,Havelock,1,13,0,
R2880,Manahi,Havelock,1,13,0,
R2880,Manahi,Havelock,1,13,0,
R2880,Manahi,Havelock,1,13,0,
R1230,Home,Havelock,1,13,0,
R1230,Home,Havelock,1,13,0,
R1230,Home,Havelock,1,13,0,
R1230,Home,Havelock,1,13,0,
R2534,SRS,Havelock,1,13,0,
R2534,SRS,Havelock,1,13,0,0.04
R1232,Raukawa,Havelock,2,14,0,
R1232,Raukawa,Havelock,2,14,0,
R1233,TRN,Havelock,2,14,0,
R1233,TRN,Havelock,2,14,0,
R2534,SRS,Havelock,2,14,0,
R2534,SRS,Havelock,2,14,0,
R2534,SRS,Havelock,2,14,0,
R2534,SRS,Havelock,2,14,2,
R2668,TRS,Havelock,2,14,1,
R1230,Home,Havelock,2,14,0,
R1230,Home,Havelock,2,14,0,
R2899,Lobb,Havelock,2,14,0,
R2899,Lobb,Havelock,2,14,0,
R2880,Manahi,Havelock,2,14,0,
R2880,Manahi,Havelock,2,14,0,
R2880,Manahi,Havelock,2,14,0,
R2880,Manahi,Havelock,2,14,0,
R2880,Manahi,Havelock,2,14,0,
R2880,Manahi,Havelock,2,14,0,
R1230,Home,Havelock,2,14,0,
R1230,Home,Havelock,2,14,0,
R1230,Home,Havelock,2,14,0,
R1230,Home,Havelock,2,14,0,
R2534,SRS,Havelock,2,14,0,
R2534,SRS,Havelock,2,14,0,0.12
R1232,Raukawa,Havelock,3,15,0,
R1232,Raukawa,Havelock,3,15,0,
R1233,TRN,Havelock,3,15,0,
R1233,TRN,Havelock,3,15,0,
R2534,SRS,Havelock,3,15,0,
R2534,SRS,Havelock,3,15,0,
R2534,SRS,Havelock,3,15,0,
R2534,SRS,Havelock,3,15,0,
R2668,TRS,Havelock,3,15,0,
R1230,Home,Havelock,3,15,0,
R1230,Home,Havelock,3,15,0,
R2899,Lobb,Havelock,3,15,0,
R2899,Lobb,Havelock,3,15,0,
R2880,Manahi,Havelock,3,15,0,0
R2880,Manahi,Havelock,3,15,0,
R2880,Manahi,Havelock,3,15,0,
R2880,Manahi,Havelock,3,15,0,
R2880,Manahi,Havelock,3,15,0,
R2880,Manahi,Havelock,3,15,0,
R1230,Home,Havelock,3,15,0,
R1230,Home,Havelock,3,15,0,
R1230,Home,Havelock,3,15,0,
R1230,Home,Havelock,3,15,0,
R2534,SRS,Havelock,3,15,0,
R2534,SRS,Havelock,3,15,0,
R1232,Raukawa,Havelock,4,16,0,
R1232,Raukawa,Havelock,4,16,0,
R1233,TRN,Havelock,4,16,0,
R1233,TRN,Havelock,4,16,0,
R2534,SRS,Havelock,4,16,0,
R2534,SRS,Havelock,4,16,0,
R2534,SRS,Havelock,4,16,0,
R2534,SRS,Havelock,4,16,0,
R2668,TRS,Havelock,4,16,0,
R1230,Home,Havelock,4,16,0,
R1230,Home,Havelock,4,16,0,
R2899,Lobb,Havelock,4,16,0,
R2899,Lobb,Havelock,4,16,0,
R2880,Manahi,Havelock,4,16,0,
R2880,Manahi,Havelock,4,16,1,
R2880,Manahi,Havelock,4,16,0,
R2880,Manahi,Havelock,4,16,0,
R2880,Manahi,Havelock,4,16,0,
R2880,Manahi,Havelock,4,16,0,
R1230,Home,Havelock,4,16,0,
R1230,Home,Havelock,4,16,0,
R1230,Home,Havelock,4,16,0,0.04
R1230,Home,Havelock,4,16,0,
R2534,SRS,Havelock,4,16,0,
R2534,SRS,Havelock,4,16,0,
R1232,Raukawa,Havelock,5,17,0,
R1232,Raukawa,Havelock,5,17,0,
R1233,TRN,Havelock,5,17,0,
R1233,TRN,Havelock,5,17,0,
R2534,SRS,Havelock,5,17,0,
R2534,SRS,Havelock,5,17,0,
R2534,SRS,Havelock,5,17,0,
R2534,SRS,Havelock,5,17,0,
R2668,TRS,Havelock,5,17,0,
R1230,Home,Havelock,5,17,0,
R1230,Home,Havelock,5,17,0,
R2899,Lobb,Havelock,5,17,0,
R2899,Lobb,Havelock,5,17,0,
R2880,Manahi,Havelock,5,17,0,
R2880,Manahi,Havelock,5,17,0,
R2880,Manahi,Havelock,5,17,0,
R2880,Manahi,Havelock,5,17,0,
R2880,Manahi,Havelock,5,17,0,
R2880,Manahi,Havelock,5,17,0,
R1230,Home,Havelock,5,17,0,
R1230,Home,Havelock,5,17,0,
R1230,Home,Havelock,5,17,0,0
R1230,Home,Havelock,5,17,0,
R2534,SRS,Havelock,5,17,0,
R2534,SRS,Havelock,5,17,0,
R1232,Raukawa,Havelock,6,18,0,
R1232,Raukawa,Havelock,6,18,1,
R1233,TRN,Havelock,6,18,0,
R1233,TRN,Havelock,6,18,0,
R2534,SRS,Havelock,6,18,0,
R2534,SRS,Havelock,6,18,0,
R2534,SRS,Havelock,6,18,0,
R2534,SRS,Havelock,6,18,0,
R2668,TRS,Havelock,6,18,0,
R1230,Home,Havelock,6,18,0,
R1230,Home,Havelock,6,18,0,
R2899,Lobb,Havelock,6,18,0,
R2899,Lobb,Havelock,6,18,0,
R2880,Manahi,Havelock,6,18,0,
R2880,Manahi,Havelock,6,18,0,
R2880,Manahi,Havelock,6,18,0,
R2880,Manahi,Havelock,6,18,0,
R2880,Manahi,Havelock,6,18,0,
R2880,Manahi,Havelock,6,18,0,
R1230,Home,Havelock,6,18,0,
R1230,Home,Havelock,6,18,0,
R1230,Home,Havelock,6,18,0,
R1230,Home,Havelock,6,18,0,
R2534,SRS,Havelock,6,18,0,0.04
R2534,SRS,Havelock,6,18,0,
R1232,Raukawa,Havelock,7,19,0,
R1232,Raukawa,Havelock,7,19,0,
R1233,TRN,Havelock,7,19,0,
R1233,TRN,Havelock,7,19,0,
R2534,SRS,Havelock,7,19,0,
R2534,SRS,Havelock,7,19,0,
R2534,SRS,Havelock,7,19,0,
R2534,SRS,Havelock,7,19,0,
R2668,TRS,Havelock,7,19,0,
R1230,Home,Havelock,7,19,0,
R1230,Home,Havelock,7,19,0,
R2899,Lobb,Havelock,7,19,0,
R2899,Lobb,Havelock,7,19,0,
R2880,Manahi,Havelock,7,19,0,
R2880,Manahi,Havelock,7,19,0,
R2880,Manahi,Havelock,7,19,0,
R2880,Manahi,Havelock,7,19,0,
R2880,Manahi,Havelock,7,19,0,
R2880,Manahi,Havelock,7,19,0,
R1230,Home,Havelock,7,19,0,
R1230,Home,Havelock,7,19,0,
R1230,Home,Havelock,7,19,0,
R1230,Home,Havelock,7,19,0,
R2534,SRS,Havelock,7,19,0,
R2534,SRS,Havelock,7,19,0,0
R1232,Raukawa,Havelock,8,20,0,
R1232,Raukawa,Havelock,8,20,0,
R1233,TRN,Havelock,8,20,0,
R1233,TRN,Havelock,8,20,0,
R2534,SRS,Havelock,8,20,0,
R2534,SRS,Havelock,8,20,0,
R2534,SRS,Havelock,8,20,0,0
R2534,SRS,Havelock,8,20,0,
R2668,TRS,Havelock,8,20,0,
R1230,Home,Havelock,8,20,0,
R1230,Home,Havelock,8,20,0,
R2899,Lobb,Havelock,8,20,0,
R2899,Lobb,Havelock,8,20,0,
R2880,Manahi,Havelock,8,20,0,
R2880,Manahi,Havelock,8,20,0,
R2880,Manahi,Havelock,8,20,0,
R2880,Manahi,Havelock,8,20,0,
R2880,Manahi,Havelock,8,20,0,
R2880,Manahi,Havelock,8,20,0,
R1230,Home,Havelock,8,20,0,
R1230,Home,Havelock,8,20,0,
R1230,Home,Havelock,8,20,0,
R1230,Home,Havelock,8,20,0,
R2534,SRS,Havelock,8,20,0,
R2534,SRS,Havelock,8,20,0,
R1232,Raukawa,Havelock,9,21,0,
R1232,Raukawa,Havelock,9,21,0,
R1233,TRN,Havelock,9,21,0,
R1233,TRN,Havelock,9,21,0,
R2534,SRS,Havelock,9,21,0,
R2534,SRS,Havelock,9,21,0,
R2534,SRS,Havelock,9,21,0,
R2534,SRS,Havelock,9,21,0,
R2668,TRS,Havelock,9,21,0,
R1230,Home,Havelock,9,21,0,
R1230,Home,Havelock,9,21,0,
R2899,Lobb,Havelock,9,21,0,
R2899,Lobb,Havelock,9,21,0,
R2880,Manahi,Havelock,9,21,0,
R2880,Manahi,Havelock,9,21,0,
R2880,Manahi,Havelock,9,21,0,
R2880,Manahi,Havelock,9,21,0,
R2880,Manahi,Havelock,9,21,0,
R2880,Manahi,Havelock,9,21,0,
R1230,Home,Havelock,9,21,0,
R1230,Home,Havelock,9,21,0,
R1230,Home,Havelock,9,21,0,
R1230,Home,Havelock,9,21,0,
R2534,SRS,Havelock,9,21,0,
R2534,SRS,Havelock,9,21,0,0
R1232,Raukawa,Havelock,10,22,0,
R1232,Raukawa,Havelock,10,22,0,
R1233,TRN,Havelock,10,22,0,
R1233,TRN,Havelock,10,22,0,
R2534,SRS,Havelock,10,22,0,
R2534,SRS,Havelock,10,22,0,
R2534,SRS,Havelock,10,22,0,
R2534,SRS,Havelock,10,22,0,
R2668,TRS,Havelock,10,22,1,
R1230,Home,Havelock,10,22,0,
R1230,Home,Havelock,10,22,0,
R2899,Lobb,Havelock,10,22,0,
R2899,Lobb,Havelock,10,22,0,
R2880,Manahi,Havelock,10,22,0,
R2880,Manahi,Havelock,10,22,0,
R2880,Manahi,Havelock,10,22,0,
R2880,Manahi,Havelock,10,22,0,
R2880,Manahi,Havelock,10,22,0,
R2880,Manahi,Havelock,10,22,0,
R1230,Home,Havelock,10,22,0,
R1230,Home,Havelock,10,22,0,
R1230,Home,Havelock,10,22,0,
R1230,Home,Havelock,10,22,0,
R2534,SRS,Havelock,10,22,0,
R2534,SRS,Havelock,10,22,0,0.04
R1232,Raukawa,Havelock,11,23,1,
R1232,Raukawa,Havelock,11,23,0,
R1233,TRN,Havelock,11,23,0,
R1233,TRN,Havelock,11,23,0,
R2534,SRS,Havelock,11,23,0,
R2534,SRS,Havelock,11,23,0,
R2534,SRS,Havelock,11,23,0,
R2534,SRS,Havelock,11,23,0,
R2668,TRS,Havelock,11,23,0,
R1230,Home,Havelock,11,23,0,
R1230,Home,Havelock,11,23,0,
R2899,Lobb,Havelock,11,23,0,
R2899,Lobb,Havelock,11,23,0,
R2880,Manahi,Havelock,11,23,0,
R2880,Manahi,Havelock,11,23,0,
R2880,Manahi,Havelock,11,23,0,
R2880,Manahi,Havelock,11,23,0,
R2880,Manahi,Havelock,11,23,0,
R2880,Manahi,Havelock,11,23,0,
R1230,Home,Havelock,11,23,0,
R1230,Home,Havelock,11,23,0,
R1230,Home,Havelock,11,23,0,
R1230,Home,Havelock,11,23,0,
R2534,SRS,Havelock,11,23,0,0.04
R2534,SRS,Havelock,11,23,0,
R1232,Raukawa,Havelock,12,24,0,
R1232,Raukawa,Havelock,12,24,0,
R1233,TRN,Havelock,12,24,0,
R1233,TRN,Havelock,12,24,0,
R2534,SRS,Havelock,12,24,0,
R2534,SRS,Havelock,12,24,0,
R2534,SRS,Havelock,12,24,0,
R2534,SRS,Havelock,12,24,0,
R2668,TRS,Havelock,12,24,0,
R1230,Home,Havelock,12,24,0,
R1230,Home,Havelock,12,24,0,
R2899,Lobb,Havelock,12,24,0,
R2899,Lobb,Havelock,12,24,0,
R2880,Manahi,Havelock,12,24,0,
R2880,Manahi,Havelock,12,24,0,
R2880,Manahi,Havelock,12,24,0,
R2880,Manahi,Havelock,12,24,0,
R2880,Manahi,Havelock,12,24,0,
R2880,Manahi,Havelock,12,24,0,
R1230,Home,Havelock,12,24,0,
R1230,Home,Havelock,12,24,0,
R1230,Home,Havelock,12,24,0,
R1230,Home,Havelock,12,24,0,
R2534,SRS,Havelock,12,24,0,
R2534,SRS,Havelock,12,24,0,0
R2945,Ormond,Napier,45,4,0,
R2945,Ormond,Napier,45,4,0,
R2945,Ormond,Napier,45,4,0,
R2945,Ormond,Napier,45,4,0,
R2712,NRS,Napier,45,4,0,
R2712,NRS,Napier,45,4,0,
R2775,NRN,Napier,45,4,0,
R2775,NRN,Napier,45,4,0,
R1639,NRC,Napier,45,4,0,
R1639,NRC,Napier,45,4,0,
R2776,Haumoana,Napier,45,4,0,
R2776,Haumoana,Napier,45,4,0,
R2776,Haumoana,Napier,45,4,0,
R2776,Haumoana,Napier,45,4,0,
R2447,Watson,Napier,45,4,0,
R2447,Watson,Napier,45,4,0,
R2917,Lawn,Napier,45,4,0,
R2917,Lawn,Napier,45,4,0,
R2917,Lawn,Napier,45,4,0,
R2917,Lawn,Napier,45,4,0,
R2917,Lawn,Napier,45,4,0,
R2917,Lawn,Napier,45,4,0,0
R2945,Ormond,Napier,46,5,0,
R2945,Ormond,Napier,46,5,0,
R2945,Ormond,Napier,46,5,0,
R2945,Ormond,Napier,46,5,0,
R2712,NRS,Napier,46,5,0,
R2712,NRS,Napier,46,5,0,
R2775,NRN,Napier,46,5,1,
R2775,NRN,Napier,46,5,0,
R1639,NRC,Napier,46,5,0,
R1639,NRC,Napier,46,5,0,
R2776,Haumoana,Napier,46,5,0,
R2776,Haumoana,Napier,46,5,0,
R2776,Haumoana,Napier,46,5,0,
R2776,Haumoana,Napier,46,5,0,
R2447,Watson,Napier,46,5,0,
R2447,Watson,Napier,46,5,0,
R2917,Lawn,Napier,46,5,0,
R2917,Lawn,Napier,46,5,0,
R2917,Lawn,Napier,46,5,0,
R2917,Lawn,Napier,46,5,0,
R2917,Lawn,Napier,46,5,0,
R2917,Lawn,Napier,46,5,0,0.05
R2945,Ormond,Napier,47,6,0,
R2945,Ormond,Napier,47,6,0,
R2945,Ormond,Napier,47,6,0,
R2945,Ormond,Napier,47,6,0,
R2712,NRS,Napier,47,6,1,
R2712,NRS,Napier,47,6,0,
R2775,NRN,Napier,47,6,0,
R2775,NRN,Napier,47,6,0,
R1639,NRC,Napier,47,6,0,
R1639,NRC,Napier,47,6,0,
R2776,Haumoana,Napier,47,6,0,
R2776,Haumoana,Napier,47,6,0,
R2776,Haumoana,Napier,47,6,0,
R2776,Haumoana,Napier,47,6,0,
R2447,Watson,Napier,47,6,0,
R2447,Watson,Napier,47,6,0,
R2917,Lawn,Napier,47,6,0,
R2917,Lawn,Napier,47,6,0,
R2917,Lawn,Napier,47,6,0,
R2917,Lawn,Napier,47,6,0,
R2917,Lawn,Napier,47,6,0,
R2917,Lawn,Napier,47,6,0,0.05
R2945,Ormond,Napier,48,7,0,
R2945,Ormond,Napier,48,7,0,
R2945,Ormond,Napier,48,7,0,
R2945,Ormond,Napier,48,7,0,
R2712,NRS,Napier,48,7,0,
R2712,NRS,Napier,48,7,0,
R2775,NRN,Napier,48,7,0,
R2775,NRN,Napier,48,7,0,
R1639,NRC,Napier,48,7,0,
R1639,NRC,Napier,48,7,0,
R2776,Haumoana,Napier,48,7,0,
R2776,Haumoana,Napier,48,7,0,
R2776,Haumoana,Napier,48,7,0,
R2776,Haumoana,Napier,48,7,0,
R2447,Watson,Napier,48,7,0,
R2447,Watson,Napier,48,7,0,
R2917,Lawn,Napier,48,7,0,
R2917,Lawn,Napier,48,7,1,
R2917,Lawn,Napier,48,7,0,
R2917,Lawn,Napier,48,7,0,
R2917,Lawn,Napier,48,7,0,
R2917,Lawn,Napier,48,7,0,0.05
R2945,Ormond,Napier,49,8,0,
R2945,Ormond,Napier,49,8,0,
R2945,Ormond,Napier,49,8,0,
R2945,Ormond,Napier,49,8,0,
R2712,NRS,Napier,49,8,0,
R2712,NRS,Napier,49,8,0,
R2775,NRN,Napier,49,8,0,
R2775,NRN,Napier,49,8,0,
R1639,NRC,Napier,49,8,0,
R1639,NRC,Napier,49,8,0,
R2776,Haumoana,Napier,49,8,0,
R2776,Haumoana,Napier,49,8,0,
R2776,Haumoana,Napier,49,8,0,
R2776,Haumoana,Napier,49,8,0,
R2447,Watson,Napier,49,8,0,
R2447,Watson,Napier,49,8,0,
R2917,Lawn,Napier,49,8,0,
R2917,Lawn,Napier,49,8,0,
R2917,Lawn,Napier,49,8,0,
R2917,Lawn,Napier,49,8,0,
R2917,Lawn,Napier,49,8,0,
R2917,Lawn,Napier,49,8,0,0
R2945,Ormond,Napier,50,9,0,
R2945,Ormond,Napier,50,9,0,
R2945,Ormond,Napier,50,9,0,
R2945,Ormond,Napier,50,9,0,
R2712,NRS,Napier,50,9,0,
R2712,NRS,Napier,50,9,0,
R2775,NRN,Napier,50,9,0,
R2775,NRN,Napier,50,9,0,
R1639,NRC,Napier,50,9,0,
R1639,NRC,Napier,50,9,0,
R2776,Haumoana,Napier,50,9,0,
R2776,Haumoana,Napier,50,9,0,
R2776,Haumoana,Napier,50,9,0,
R2776,Haumoana,Napier,50,9,0,
R2447,Watson,Napier,50,9,0,
R2447,Watson,Napier,50,9,0,
R2917,Lawn,Napier,50,9,0,
R2917,Lawn,Napier,50,9,0,
R2917,Lawn,Napier,50,9,0,
R2917,Lawn,Napier,50,9,0,
R2917,Lawn,Napier,50,9,0,
R2917,Lawn,Napier,50,9,0,0
R2945,Ormond,Napier,51,10,0,
R2945,Ormond,Napier,51,10,0,
R2945,Ormond,Napier,51,10,0,
R2945,Ormond,Napier,51,10,0,
R2712,NRS,Napier,51,10,0,
R2712,NRS,Napier,51,10,0,
R2775,NRN,Napier,51,10,0,
R2775,NRN,Napier,51,10,0,
R1639,NRC,Napier,51,10,0,
R1639,NRC,Napier,51,10,0,
R2776,Haumoana,Napier,51,10,0,
R2776,Haumoana,Napier,51,10,0,
R2776,Haumoana,Napier,51,10,0,
R2776,Haumoana,Napier,51,10,0,
R2447,Watson,Napier,51,10,0,
R2447,Watson,Napier,51,10,0,
R2917,Lawn,Napier,51,10,1,
R2917,Lawn,Napier,51,10,0,
R2917,Lawn,Napier,51,10,0,
R2917,Lawn,Napier,51,10,0,
R2917,Lawn,Napier,51,10,0,
R2917,Lawn,Napier,51,10,0,0.05
R2945,Ormond,Napier,52,11,0,
R2945,Ormond,Napier,52,11,0,
R2945,Ormond,Napier,52,11,0,
R2945,Ormond,Napier,52,11,0,
R2712,NRS,Napier,52,11,0,
R2712,NRS,Napier,52,11,0,
R2775,NRN,Napier,52,11,0,
R2775,NRN,Napier,52,11,0,
R1639,NRC,Napier,52,11,0,
R1639,NRC,Napier,52,11,0,
R2776,Haumoana,Napier,52,11,0,
R2776,Haumoana,Napier,52,11,0,
R2776,Haumoana,Napier,52,11,0,
R2776,Haumoana,Napier,52,11,0,
R2447,Watson,Napier,52,11,0,
R2447,Watson,Napier,52,11,0,
R2917,Lawn,Napier,52,11,0,
R2917,Lawn,Napier,52,11,0,
R2917,Lawn,Napier,52,11,0,
R2917,Lawn,Napier,52,11,0,
R2917,Lawn,Napier,52,11,0,
R2917,Lawn,Napier,52,11,0,0
R2945,Ormond,Napier,53,12,1,
R2945,Ormond,Napier,53,12,0,
R2945,Ormond,Napier,53,12,0,
R2945,Ormond,Napier,53,12,0,
R2712,NRS,Napier,53,12,0,
R2712,NRS,Napier,53,12,0,
R2775,NRN,Napier,53,12,0,
R2775,NRN,Napier,53,12,0,
R1639,NRC,Napier,53,12,0,
R1639,NRC,Napier,53,12,0,
R2776,Haumoana,Napier,53,12,0,
R2776,Haumoana,Napier,53,12,0,
R2776,Haumoana,Napier,53,12,0,
R2776,Haumoana,Napier,53,12,0,
R2447,Watson,Napier,53,12,0,
R2447,Watson,Napier,53,12,0,
R2917,Lawn,Napier,53,12,0,
R2917,Lawn,Napier,53,12,0,
R2917,Lawn,Napier,53,12,0,
R2917,Lawn,Napier,53,12,0,
R2917,Lawn,Napier,53,12,0,
R2917,Lawn,Napier,53,12,0,0.05
R2945,Ormond,Napier,1,13,0,
R2945,Ormond,Napier,1,13,0,
R2945,Ormond,Napier,1,13,0,
R2945,Ormond,Napier,1,13,0,
R2712,NRS,Napier,1,13,0,
R2712,NRS,Napier,1,13,0,
R2775,NRN,Napier,1,13,0,
R2775,NRN,Napier,1,13,0,
R1639,NRC,Napier,1,13,0,
R1639,NRC,Napier,1,13,0,
R2776,Haumoana,Napier,1,13,0,
R2776,Haumoana,Napier,1,13,0,
R2776,Haumoana,Napier,1,13,0,
R2776,Haumoana,Napier,1,13,0,
R2447,Watson,Napier,1,13,0,
R2447,Watson,Napier,1,13,0,
R2917,Lawn,Napier,1,13,0,
R2917,Lawn,Napier,1,13,0,
R2917,Lawn,Napier,1,13,0,
R2917,Lawn,Napier,1,13,0,
R2917,Lawn,Napier,1,13,0,0
R2917,Lawn,Napier,1,13,0,
R2945,Ormond,Napier,2,14,0,
R2945,Ormond,Napier,2,14,0,
R2945,Ormond,Napier,2,14,0,
R2945,Ormond,Napier,2,14,0,
R2712,NRS,Napier,2,14,0,
R2712,NRS,Napier,2,14,0,
R2775,NRN,Napier,2,14,0,
R2775,NRN,Napier,2,14,0,
R1639,NRC,Napier,2,14,0,
R1639,NRC,Napier,2,14,0,
R2776,Haumoana,Napier,2,14,0,
R2776,Haumoana,Napier,2,14,0,
R2776,Haumoana,Napier,2,14,0,
R2776,Haumoana,Napier,2,14,0,
R2447,Watson,Napier,2,14,0,
R2447,Watson,Napier,2,14,0,
R2917,Lawn,Napier,2,14,0,
R2917,Lawn,Napier,2,14,0,
R2917,Lawn,Napier,2,14,0,
R2917,Lawn,Napier,2,14,0,
R2917,Lawn,Napier,2,14,0,
R2917,Lawn,Napier,2,14,0,0
R2945,Ormond,Napier,3,15,0,
R2945,Ormond,Napier,3,15,0,
R2945,Ormond,Napier,3,15,0,
R2945,Ormond,Napier,3,15,0,
R2712,NRS,Napier,3,15,0,
R2712,NRS,Napier,3,15,0,
R2775,NRN,Napier,3,15,0,
R2775,NRN,Napier,3,15,0,
R1639,NRC,Napier,3,15,0,
R1639,NRC,Napier,3,15,0,
R2776,Haumoana,Napier,3,15,0,
R2776,Haumoana,Napier,3,15,0,
R2776,Haumoana,Napier,3,15,0,
R2776,Haumoana,Napier,3,15,0,
R2447,Watson,Napier,3,15,0,
R2447,Watson,Napier,3,15,0,
R2917,Lawn,Napier,3,15,0,
R2917,Lawn,Napier,3,15,0,
R2917,Lawn,Napier,3,15,0,
R2917,Lawn,Napier,3,15,0,
R2917,Lawn,Napier,3,15,0,
R2917,Lawn,Napier,3,15,0,0
R2945,Ormond,Napier,4,16,0,
R2945,Ormond,Napier,4,16,0,
R2945,Ormond,Napier,4,16,0,
R2945,Ormond,Napier,4,16,0,
R2712,NRS,Napier,4,16,0,
R2712,NRS,Napier,4,16,0,
R2775,NRN,Napier,4,16,0,
R2775,NRN,Napier,4,16,0,
R1639,NRC,Napier,4,16,0,
R1639,NRC,Napier,4,16,0,
R2776,Haumoana,Napier,4,16,0,
R2776,Haumoana,Napier,4,16,0,
R2776,Haumoana,Napier,4,16,0,
R2776,Haumoana,Napier,4,16,0,
R2447,Watson,Napier,4,16,0,
R2447,Watson,Napier,4,16,0,
R2917,Lawn,Napier,4,16,0,
R2917,Lawn,Napier,4,16,0,
R2917,Lawn,Napier,4,16,0,
R2917,Lawn,Napier,4,16,0,
R2917,Lawn,Napier,4,16,0,
R2917,Lawn,Napier,4,16,0,0
R2945,Ormond,Napier,5,17,0,
R2945,Ormond,Napier,5,17,0,
R2945,Ormond,Napier,5,17,0,
R2945,Ormond,Napier,5,17,0,
R2712,NRS,Napier,5,17,0,
R2712,NRS,Napier,5,17,0,
R2775,NRN,Napier,5,17,0,
R2775,NRN,Napier,5,17,0,
R1639,NRC,Napier,5,17,0,
R1639,NRC,Napier,5,17,0,
R2776,Haumoana,Napier,5,17,0,
R2776,Haumoana,Napier,5,17,0,
R2776,Haumoana,Napier,5,17,0,
R2776,Haumoana,Napier,5,17,0,
R2447,Watson,Napier,5,17,0,
R2447,Watson,Napier,5,17,0,
R2917,Lawn,Napier,5,17,0,
R2917,Lawn,Napier,5,17,0,
R2917,Lawn,Napier,5,17,0,
R2917,Lawn,Napier,5,17,0,
R2917,Lawn,Napier,5,17,0,
R2917,Lawn,Napier,5,17,0,0
R2945,Ormond,Napier,6,18,0,
R2945,Ormond,Napier,6,18,0,
R2945,Ormond,Napier,6,18,0,
R2945,Ormond,Napier,6,18,0,
R2712,NRS,Napier,6,18,0,
R2712,NRS,Napier,6,18,0,
R2775,NRN,Napier,6,18,0,
R2775,NRN,Napier,6,18,0,
R1639,NRC,Napier,6,18,0,
R1639,NRC,Napier,6,18,0,
R2776,Haumoana,Napier,6,18,0,
R2776,Haumoana,Napier,6,18,0,
R2776,Haumoana,Napier,6,18,0,
R2776,Haumoana,Napier,6,18,0,
R2447,Watson,Napier,6,18,0,
R2447,Watson,Napier,6,18,0,
R2917,Lawn,Napier,6,18,0,
R2917,Lawn,Napier,6,18,0,
R2917,Lawn,Napier,6,18,0,
R2917,Lawn,Napier,6,18,0,
R2917,Lawn,Napier,6,18,0,
R2917,Lawn,Napier,6,18,0,0
R2945,Ormond,Napier,7,19,0,
R2945,Ormond,Napier,7,19,0,
R2945,Ormond,Napier,7,19,0,
R2945,Ormond,Napier,7,19,0,
R2712,NRS,Napier,7,19,0,
R2712,NRS,Napier,7,19,0,
R2775,NRN,Napier,7,19,0,
R2775,NRN,Napier,7,19,0,
R1639,NRC,Napier,7,19,0,
R1639,NRC,Napier,7,19,0,
R2776,Haumoana,Napier,7,19,0,
R2776,Haumoana,Napier,7,19,0,
R2776,Haumoana,Napier,7,19,0,
R2776,Haumoana,Napier,7,19,0,
R2447,Watson,Napier,7,19,0,
R2447,Watson,Napier,7,19,0,
R2917,Lawn,Napier,7,19,0,
R2917,Lawn,Napier,7,19,0,
R2917,Lawn,Napier,7,19,0,
R2917,Lawn,Napier,7,19,0,
R2917,Lawn,Napier,7,19,0,
R2917,Lawn,Napier,7,19,0,0
R2945,Ormond,Napier,8,20,0,
R2945,Ormond,Napier,8,20,0,
R2945,Ormond,Napier,8,20,0,
R2945,Ormond,Napier,8,20,0,
R2712,NRS,Napier,8,20,0,
R2712,NRS,Napier,8,20,0,
R2775,NRN,Napier,8,20,0,
R2775,NRN,Napier,8,20,0,
R1639,NRC,Napier,8,20,0,
R1639,NRC,Napier,8,20,0,
R2776,Haumoana,Napier,8,20,0,
R2776,Haumoana,Napier,8,20,0,
R2776,Haumoana,Napier,8,20,0,
R2776,Haumoana,Napier,8,20,0,
R2447,Watson,Napier,8,20,0,
R2447,Watson,Napier,8,20,0,
R2917,Lawn,Napier,8,20,0,
R2917,Lawn,Napier,8,20,0,
R2917,Lawn,Napier,8,20,0,
R2917,Lawn,Napier,8,20,0,0
R2917,Lawn,Napier,8,20,0,
R2917,Lawn,Napier,8,20,0,
R2945,Ormond,Napier,9,21,0,
R2945,Ormond,Napier,9,21,0,
R2945,Ormond,Napier,9,21,0,
R2945,Ormond,Napier,9,21,0,
R2712,NRS,Napier,9,21,0,
R2712,NRS,Napier,9,21,0,
R2775,NRN,Napier,9,21,0,
R2775,NRN,Napier,9,21,0,
R1639,NRC,Napier,9,21,0,
R1639,NRC,Napier,9,21,0,
R2776,Haumoana,Napier,9,21,0,
R2776,Haumoana,Napier,9,21,0,
R2776,Haumoana,Napier,9,21,0,
R2776,Haumoana,Napier,9,21,0,
R2447,Watson,Napier,9,21,0,
R2447,Watson,Napier,9,21,0,
R2917,Lawn,Napier,9,21,0,
R2917,Lawn,Napier,9,21,0,
R2917,Lawn,Napier,9,21,0,
R2917,Lawn,Napier,9,21,0,
R2917,Lawn,Napier,9,21,0,
R2917,Lawn,Napier,9,21,0,0
R2945,Ormond,Napier,10,22,0,
R2945,Ormond,Napier,10,22,0,
R2945,Ormond,Napier,10,22,0,
R2945,Ormond,Napier,10,22,0,
R2712,NRS,Napier,10,22,0,
R2712,NRS,Napier,10,22,0,
R2775,NRN,Napier,10,22,0,
R2775,NRN,Napier,10,22,0,
R1639,NRC,Napier,10,22,0,
R1639,NRC,Napier,10,22,0,
R2776,Haumoana,Napier,10,22,0,
R2776,Haumoana,Napier,10,22,0,
R2776,Haumoana,Napier,10,22,0,
R2776,Haumoana,Napier,10,22,0,
R2447,Watson,Napier,10,22,0,
R2447,Watson,Napier,10,22,0,
R2917,Lawn,Napier,10,22,0,
R2917,Lawn,Napier,10,22,0,
R2917,Lawn,Napier,10,22,0,
R2917,Lawn,Napier,10,22,0,
R2917,Lawn,Napier,10,22,0,
R2917,Lawn,Napier,10,22,0,0
R2945,Ormond,Napier,11,23,0,
R2945,Ormond,Napier,11,23,0,
R2945,Ormond,Napier,11,23,0,
R2945,Ormond,Napier,11,23,0,
R2712,NRS,Napier,11,23,0,
R2712,NRS,Napier,11,23,0,
R2775,NRN,Napier,11,23,0,
R2775,NRN,Napier,11,23,1,
R1639,NRC,Napier,11,23,0,
R1639,NRC,Napier,11,23,0,
R2776,Haumoana,Napier,11,23,0,
R2776,Haumoana,Napier,11,23,0,
R2776,Haumoana,Napier,11,23,0,
R2776,Haumoana,Napier,11,23,0,
R2447,Watson,Napier,11,23,0,
R2447,Watson,Napier,11,23,0,
R2917,Lawn,Napier,11,23,0,
R2917,Lawn,Napier,11,23,0,
R2917,Lawn,Napier,11,23,0,
R2917,Lawn,Napier,11,23,0,
R2917,Lawn,Napier,11,23,0,
R2917,Lawn,Napier,11,23,0,0.05
R2945,Ormond,Napier,12,24,0,
R2945,Ormond,Napier,12,24,0,
R2945,Ormond,Napier,12,24,0,
R2945,Ormond,Napier,12,24,0,
R2712,NRS,Napier,12,24,0,
R2712,NRS,Napier,12,24,0,
R2775,NRN,Napier,12,24,0,
R2775,NRN,Napier,12,24,0,
R1639,NRC,Napier,12,24,0,
R1639,NRC,Napier,12,24,0,
R2776,Haumoana,Napier,12,24,0,
R2776,Haumoana,Napier,12,24,0,
R2776,Haumoana,Napier,12,24,0,
R2776,Haumoana,Napier,12,24,0,
R2447,Watson,Napier,12,24,0,0
R2447,Watson,Napier,12,24,0,
R2917,Lawn,Napier,12,24,0,
R2917,Lawn,Napier,12,24,0,
R2917,Lawn,Napier,12,24,0,
R2917,Lawn,Napier,12,24,0,
R2917,Lawn,Napier,12,24,0,
R2917,Lawn,Napier,12,24,0,
R2724,Omahu,Omahu,45,4,0,
R2724,Omahu,Omahu,45,4,0,
R2724,Omahu,Omahu,45,4,0,
R2724,Omahu,Omahu,45,4,0,
R2724,Omahu,Omahu,45,4,0,
R2724,Omahu,Omahu,45,4,0,
R2924,Crown,Omahu,45,4,0,
R2924,Crown,Omahu,45,4,0,
R2924,Crown,Omahu,45,4,0,
R2924,Crown,Omahu,45,4,0,
R2946,Lowry Here,Omahu,45,4,0,
R2946,Lowry Here,Omahu,45,4,0,
R2946,Lowry Here,Omahu,45,4,0,
R2918,Lowry,Omahu,45,4,0,
R2918,Lowry,Omahu,45,4,0,
R2918,Lowry,Omahu,45,4,0,
R2918,Lowry,Omahu,45,4,0,
R2918,Lowry,Omahu,45,4,0,0
R2724,Omahu,Omahu,46,5,0,
R2724,Omahu,Omahu,46,5,0,
R2724,Omahu,Omahu,46,5,0,
R2724,Omahu,Omahu,46,5,0,
R2724,Omahu,Omahu,46,5,0,
R2724,Omahu,Omahu,46,5,0,
R2924,Crown,Omahu,46,5,0,
R2924,Crown,Omahu,46,5,0,
R2924,Crown,Omahu,46,5,0,
R2924,Crown,Omahu,46,5,0,
R2946,Lowry Here,Omahu,46,5,0,
R2946,Lowry Here,Omahu,46,5,0,
R2946,Lowry Here,Omahu,46,5,0,
R2918,Lowry,Omahu,46,5,0,
R2918,Lowry,Omahu,46,5,0,
R2918,Lowry,Omahu,46,5,0,
R2918,Lowry,Omahu,46,5,0,
R2918,Lowry,Omahu,46,5,0,0
R2724,Omahu,Omahu,47,6,0,
R2724,Omahu,Omahu,47,6,0,
R2724,Omahu,Omahu,47,6,1,
R2724,Omahu,Omahu,47,6,0,
R2724,Omahu,Omahu,47,6,0,
R2724,Omahu,Omahu,47,6,0,
R2924,Crown,Omahu,47,6,0,
R2924,Crown,Omahu,47,6,0,
R2924,Crown,Omahu,47,6,0,
R2924,Crown,Omahu,47,6,0,
R2946,Lowry Here,Omahu,47,6,0,
R2946,Lowry Here,Omahu,47,6,0,
R2946,Lowry Here,Omahu,47,6,0,
R2918,Lowry,Omahu,47,6,0,
R2918,Lowry,Omahu,47,6,0,
R2918,Lowry,Omahu,47,6,0,
R2918,Lowry,Omahu,47,6,0,
R2918,Lowry,Omahu,47,6,0,0.06
R2724,Omahu,Omahu,48,7,0,
R2724,Omahu,Omahu,48,7,0,
R2724,Omahu,Omahu,48,7,0,
R2724,Omahu,Omahu,48,7,0,
R2724,Omahu,Omahu,48,7,1,
R2724,Omahu,Omahu,48,7,0,
R2924,Crown,Omahu,48,7,0,
R2924,Crown,Omahu,48,7,0,
R2924,Crown,Omahu,48,7,0,
R2924,Crown,Omahu,48,7,0,
R2946,Lowry Here,Omahu,48,7,0,
R2946,Lowry Here,Omahu,48,7,0,
R2946,Lowry Here,Omahu,48,7,0,
R2918,Lowry,Omahu,48,7,0,
R2918,Lowry,Omahu,48,7,0,
R2918,Lowry,Omahu,48,7,1,
R2918,Lowry,Omahu,48,7,0,
R2918,Lowry,Omahu,48,7,0,0.11
R2724,Omahu,Omahu,49,8,0,
R2724,Omahu,Omahu,49,8,0,
R2724,Omahu,Omahu,49,8,0,
R2724,Omahu,Omahu,49,8,0,
R2724,Omahu,Omahu,49,8,0,
R2724,Omahu,Omahu,49,8,0,
R2924,Crown,Omahu,49,8,0,
R2924,Crown,Omahu,49,8,0,
R2924,Crown,Omahu,49,8,0,
R2924,Crown,Omahu,49,8,0,
R2946,Lowry Here,Omahu,49,8,0,
R2946,Lowry Here,Omahu,49,8,0,
R2946,Lowry Here,Omahu,49,8,0,
R2918,Lowry,Omahu,49,8,0,
R2918,Lowry,Omahu,49,8,0,
R2918,Lowry,Omahu,49,8,0,
R2918,Lowry,Omahu,49,8,0,
R2918,Lowry,Omahu,49,8,0,0
R2724,Omahu,Omahu,50,9,0,
R2724,Omahu,Omahu,50,9,0,
R2724,Omahu,Omahu,50,9,0,
R2724,Omahu,Omahu,50,9,0,
R2724,Omahu,Omahu,50,9,0,
R2724,Omahu,Omahu,50,9,0,
R2924,Crown,Omahu,50,9,0,
R2924,Crown,Omahu,50,9,0,
R2924,Crown,Omahu,50,9,0,
R2924,Crown,Omahu,50,9,0,
R2946,Lowry Here,Omahu,50,9,0,
R2946,Lowry Here,Omahu,50,9,0,
R2946,Lowry Here,Omahu,50,9,0,
R2918,Lowry,Omahu,50,9,0,
R2918,Lowry,Omahu,50,9,0,
R2918,Lowry,Omahu,50,9,0,
R2918,Lowry,Omahu,50,9,0,
R2918,Lowry,Omahu,50,9,0,0
R2724,Omahu,Omahu,51,10,0,
R2724,Omahu,Omahu,51,10,0,
R2724,Omahu,Omahu,51,10,0,
R2724,Omahu,Omahu,51,10,0,
R2724,Omahu,Omahu,51,10,0,
R2724,Omahu,Omahu,51,10,0,
R2924,Crown,Omahu,51,10,0,
R2924,Crown,Omahu,51,10,0,
R2924,Crown,Omahu,51,10,0,
R2924,Crown,Omahu,51,10,0,
R2946,Lowry Here,Omahu,51,10,0,
R2946,Lowry Here,Omahu,51,10,0,
R2946,Lowry Here,Omahu,51,10,0,
R2918,Lowry,Omahu,51,10,0,
R2918,Lowry,Omahu,51,10,0,
R2918,Lowry,Omahu,51,10,0,
R2918,Lowry,Omahu,51,10,0,
R2918,Lowry,Omahu,51,10,0,0
R2724,Omahu,Omahu,52,11,0,
R2724,Omahu,Omahu,52,11,0,
R2724,Omahu,Omahu,52,11,0,
R2724,Omahu,Omahu,52,11,1,
R2724,Omahu,Omahu,52,11,0,
R2724,Omahu,Omahu,52,11,0,
R2924,Crown,Omahu,52,11,0,
R2924,Crown,Omahu,52,11,0,
R2924,Crown,Omahu,52,11,0,
R2924,Crown,Omahu,52,11,0,
R2946,Lowry Here,Omahu,52,11,0,
R2946,Lowry Here,Omahu,52,11,0,
R2946,Lowry Here,Omahu,52,11,0,
R2918,Lowry,Omahu,52,11,0,
R2918,Lowry,Omahu,52,11,0,
R2918,Lowry,Omahu,52,11,0,
R2918,Lowry,Omahu,52,11,0,
R2918,Lowry,Omahu,52,11,0,0.06
R2724,Omahu,Omahu,53,12,0,
R2724,Omahu,Omahu,53,12,0,
R2724,Omahu,Omahu,53,12,0,
R2724,Omahu,Omahu,53,12,0,
R2724,Omahu,Omahu,53,12,0,
R2724,Omahu,Omahu,53,12,0,
R2924,Crown,Omahu,53,12,0,
R2924,Crown,Omahu,53,12,0,
R2924,Crown,Omahu,53,12,0,
R2924,Crown,Omahu,53,12,0,
R2946,Lowry Here,Omahu,53,12,0,
R2946,Lowry Here,Omahu,53,12,0,
R2946,Lowry Here,Omahu,53,12,0,
R2918,Lowry,Omahu,53,12,0,
R2918,Lowry,Omahu,53,12,0,0
R2918,Lowry,Omahu,53,12,0,
R2918,Lowry,Omahu,53,12,0,
R2918,Lowry,Omahu,53,12,0,
R2724,Omahu,Omahu,1,13,0,
R2724,Omahu,Omahu,1,13,0,
R2724,Omahu,Omahu,1,13,0,
R2724,Omahu,Omahu,1,13,0,
R2724,Omahu,Omahu,1,13,0,
R2724,Omahu,Omahu,1,13,0,
R2924,Crown,Omahu,1,13,0,
R2924,Crown,Omahu,1,13,0,
R2924,Crown,Omahu,1,13,0,
R2924,Crown,Omahu,1,13,0,
R2946,Lowry Here,Omahu,1,13,0,
R2946,Lowry Here,Omahu,1,13,3,
R2946,Lowry Here,Omahu,1,13,0,
R2918,Lowry,Omahu,1,13,0,
R2918,Lowry,Omahu,1,13,0,
R2918,Lowry,Omahu,1,13,0,
R2918,Lowry,Omahu,1,13,0,
R2918,Lowry,Omahu,1,13,0,0.17
R2724,Omahu,Omahu,2,14,0,
R2724,Omahu,Omahu,2,14,0,
R2724,Omahu,Omahu,2,14,0,
R2724,Omahu,Omahu,2,14,0,
R2724,Omahu,Omahu,2,14,0,
R2724,Omahu,Omahu,2,14,0,
R2924,Crown,Omahu,2,14,0,
R2924,Crown,Omahu,2,14,0,
R2924,Crown,Omahu,2,14,0,
R2924,Crown,Omahu,2,14,0,
R2946,Lowry Here,Omahu,2,14,0,
R2946,Lowry Here,Omahu,2,14,0,
R2946,Lowry Here,Omahu,2,14,0,
R2918,Lowry,Omahu,2,14,0,
R2918,Lowry,Omahu,2,14,0,
R2918,Lowry,Omahu,2,14,0,
R2918,Lowry,Omahu,2,14,0,
R2918,Lowry,Omahu,2,14,0,0
R2724,Omahu,Omahu,3,15,0,
R2724,Omahu,Omahu,3,15,0,
R2724,Omahu,Omahu,3,15,0,
R2724,Omahu,Omahu,3,15,0,
R2724,Omahu,Omahu,3,15,0,
R2724,Omahu,Omahu,3,15,0,
R2924,Crown,Omahu,3,15,0,
R2924,Crown,Omahu,3,15,0,
R2924,Crown,Omahu,3,15,0,
R2924,Crown,Omahu,3,15,0,
R2946,Lowry Here,Omahu,3,15,0,
R2946,Lowry Here,Omahu,3,15,0,
R2946,Lowry Here,Omahu,3,15,0,
R2918,Lowry,Omahu,3,15,0,
R2918,Lowry,Omahu,3,15,0,
R2918,Lowry,Omahu,3,15,0,
R2918,Lowry,Omahu,3,15,0,
R2918,Lowry,Omahu,3,15,0,0
R2724,Omahu,Omahu,4,16,0,
R2724,Omahu,Omahu,4,16,1,
R2724,Omahu,Omahu,4,16,0,
R2724,Omahu,Omahu,4,16,0,
R2724,Omahu,Omahu,4,16,0,
R2724,Omahu,Omahu,4,16,0,
R2924,Crown,Omahu,4,16,0,
R2924,Crown,Omahu,4,16,0,
R2924,Crown,Omahu,4,16,0,
R2924,Crown,Omahu,4,16,1,
R2946,Lowry Here,Omahu,4,16,0,
R2946,Lowry Here,Omahu,4,16,0,
R2946,Lowry Here,Omahu,4,16,0,
R2918,Lowry,Omahu,4,16,0,
R2918,Lowry,Omahu,4,16,0,
R2918,Lowry,Omahu,4,16,0,
R2918,Lowry,Omahu,4,16,0,
R2918,Lowry,Omahu,4,16,0,0.11
R2724,Omahu,Omahu,5,17,0,
R2724,Omahu,Omahu,5,17,0,
R2724,Omahu,Omahu,5,17,0,
R2724,Omahu,Omahu,5,17,0,
R2724,Omahu,Omahu,5,17,0,
R2724,Omahu,Omahu,5,17,0,
R2924,Crown,Omahu,5,17,0,
R2924,Crown,Omahu,5,17,0,0.06
R2924,Crown,Omahu,5,17,0,
R2924,Crown,Omahu,5,17,0,
R2946,Lowry Here,Omahu,5,17,0,
R2946,Lowry Here,Omahu,5,17,1,
R2946,Lowry Here,Omahu,5,17,0,
R2918,Lowry,Omahu,5,17,0,
R2918,Lowry,Omahu,5,17,0,
R2918,Lowry,Omahu,5,17,0,
R2918,Lowry,Omahu,5,17,0,
R2918,Lowry,Omahu,5,17,0,
R2724,Omahu,Omahu,6,18,0,
R2724,Omahu,Omahu,6,18,0,
R2724,Omahu,Omahu,6,18,0,
R2724,Omahu,Omahu,6,18,0,
R2724,Omahu,Omahu,6,18,0,
R2724,Omahu,Omahu,6,18,0,
R2924,Crown,Omahu,6,18,0,
R2924,Crown,Omahu,6,18,0,
R2924,Crown,Omahu,6,18,0,
R2924,Crown,Omahu,6,18,0,
R2946,Lowry Here,Omahu,6,18,0,
R2946,Lowry Here,Omahu,6,18,0,
R2946,Lowry Here,Omahu,6,18,0,
R2918,Lowry,Omahu,6,18,0,
R2918,Lowry,Omahu,6,18,0,
R2918,Lowry,Omahu,6,18,0,
R2918,Lowry,Omahu,6,18,0,
R2918,Lowry,Omahu,6,18,0,0
R2924,Crown,Omahu,7,19,0,
R2924,Crown,Omahu,7,19,0,
R2924,Crown,Omahu,7,19,0,
R2924,Crown,Omahu,7,19,0,
R2946,Lowry Here,Omahu,7,19,0,
R2946,Lowry Here,Omahu,7,19,0,
R2946,Lowry Here,Omahu,7,19,0,
R2918,Lowry,Omahu,7,19,0,
R2918,Lowry,Omahu,7,19,0,
R2918,Lowry,Omahu,7,19,0,
R2918,Lowry,Omahu,7,19,0,
R2918,Lowry,Omahu,7,19,0,0
R2724,Omahu,Omahu,8,20,0,
R2724,Omahu,Omahu,8,20,0,
R2924,Crown,Omahu,8,20,0,
R2924,Crown,Omahu,8,20,1,
R2924,Crown,Omahu,8,20,0,
R2924,Crown,Omahu,8,20,0,
R2946,Lowry Here,Omahu,8,20,0,
R2946,Lowry Here,Omahu,8,20,0,
R2946,Lowry Here,Omahu,8,20,0,
R2918,Lowry,Omahu,8,20,0,
R2918,Lowry,Omahu,8,20,0,
R2918,Lowry,Omahu,8,20,0,
R2918,Lowry,Omahu,8,20,0,
R2918,Lowry,Omahu,8,20,0,0.07
R2724,Omahu,Omahu,9,21,0,
R2724,Omahu,Omahu,9,21,0,
R2924,Crown,Omahu,9,21,0,
R2924,Crown,Omahu,9,21,0,
R2924,Crown,Omahu,9,21,0,
R2924,Crown,Omahu,9,21,0,
R2946,Lowry Here,Omahu,9,21,0,
R2946,Lowry Here,Omahu,9,21,0,
R2946,Lowry Here,Omahu,9,21,0,
R2918,Lowry,Omahu,9,21,0,
R2918,Lowry,Omahu,9,21,0,
R2918,Lowry,Omahu,9,21,0,
R2918,Lowry,Omahu,9,21,0,
R2918,Lowry,Omahu,9,21,0,0
R2724,Omahu,Omahu,10,22,0,
R2724,Omahu,Omahu,10,22,0,
R2924,Crown,Omahu,10,22,0,
R2924,Crown,Omahu,10,22,0,
R2924,Crown,Omahu,10,22,2,
R2924,Crown,Omahu,10,22,0,
R2946,Lowry Here,Omahu,10,22,0,
R2946,Lowry Here,Omahu,10,22,0,
R2946,Lowry Here,Omahu,10,22,0,
R2918,Lowry,Omahu,10,22,0,
R2918,Lowry,Omahu,10,22,0,
R2918,Lowry,Omahu,10,22,0,
R2918,Lowry,Omahu,10,22,0,
R2918,Lowry,Omahu,10,22,0,
R2724,Omahu,Omahu,11,23,0,0.14
R2724,Omahu,Omahu,11,23,0,
R2924,Crown,Omahu,11,23,0,
R2924,Crown,Omahu,11,23,0,
R2924,Crown,Omahu,11,23,0,
R2924,Crown,Omahu,11,23,0,
R2946,Lowry Here,Omahu,11,23,0,
R2946,Lowry Here,Omahu,11,23,0,
R2946,Lowry Here,Omahu,11,23,0,
R2918,Lowry,Omahu,11,23,0,
R2918,Lowry,Omahu,11,23,0,
R2918,Lowry,Omahu,11,23,0,
R2918,Lowry,Omahu,11,23,0,
R2918,Lowry,Omahu,11,23,0,0
R2724,Omahu,Omahu,12,24,0,
R2724,Omahu,Omahu,12,24,0,
R2924,Crown,Omahu,12,24,0,
R2924,Crown,Omahu,12,24,0,
R2924,Crown,Omahu,12,24,0,
R2924,Crown,Omahu,12,24,0,
R2946,Lowry Here,Omahu,12,24,0,
R2946,Lowry Here,Omahu,12,24,0,
R2946,Lowry Here,Omahu,12,24,0,
R2918,Lowry,Omahu,12,24,0,
R2918,Lowry,Omahu,12,24,0,
R2918,Lowry,Omahu,12,24,0,
R2918,Lowry,Omahu,12,24,0,
R2918,Lowry,Omahu,12,24,0,0
R1936,Wharerangi,Puketapu,45,4,0,
R2636,Moteo Pa,Puketapu,45,4,0,
R2636,Moteo Pa,Puketapu,45,4,0,
R1936,Wharerangi,Puketapu,45,4,0,
R1936,Wharerangi,Puketapu,45,4,0,
R1936,Wharerangi,Puketapu,45,4,0,
R2150,Dartmoor,Puketapu,45,4,0,
R2150,Dartmoor,Puketapu,45,4,0,
R2879,Manzana,Puketapu,45,4,0,
R2879,Manzana,Puketapu,45,4,0,
R2879,Manzana,Puketapu,45,4,0,
R2879,Manzana,Puketapu,45,4,0,
R2886,Sim 2,Puketapu,45,4,0,
R2886,Sim 2,Puketapu,45,4,0,
R2901,Wharerangi 2,Puketapu,45,4,0,
R2901,Wharerangi 2,Puketapu,45,4,0,
R2901,Wharerangi 2,Puketapu,45,4,0,
R2900,Sim 1,Puketapu,45,4,0,
R2900,Sim 1,Puketapu,45,4,0,
R2900,Sim 1,Puketapu,45,4,0,
R2900,Sim 1,Puketapu,45,4,0,
R1149,Steel,Puketapu,45,4,0,
R1149,Steel,Puketapu,45,4,0,
R1149,Steel,Puketapu,45,4,0,
R1149,Steel,Puketapu,45,4,0,
R2925,Manzana 2,Puketapu,45,4,0,
R2925,Manzana 2,Puketapu,45,4,0,
R2925,Manzana 2,Puketapu,45,4,0,0
R1936,Wharerangi,Puketapu,46,5,0,
R2636,Moteo Pa,Puketapu,46,5,0,
R2636,Moteo Pa,Puketapu,46,5,0,
R1936,Wharerangi,Puketapu,46,5,0,
R1936,Wharerangi,Puketapu,46,5,0,
R1936,Wharerangi,Puketapu,46,5,0,
R2150,Dartmoor,Puketapu,46,5,0,
R2150,Dartmoor,Puketapu,46,5,2,
R2879,Manzana,Puketapu,46,5,0,
R2879,Manzana,Puketapu,46,5,0,
R2879,Manzana,Puketapu,46,5,0,
R2879,Manzana,Puketapu,46,5,0,
R2886,Sim 2,Puketapu,46,5,0,
R2886,Sim 2,Puketapu,46,5,0,
R2901,Wharerangi 2,Puketapu,46,5,0,
R2901,Wharerangi 2,Puketapu,46,5,0,
R2901,Wharerangi 2,Puketapu,46,5,0,
R2900,Sim 1,Puketapu,46,5,0,
R2900,Sim 1,Puketapu,46,5,0,
R2900,Sim 1,Puketapu,46,5,0,
R2900,Sim 1,Puketapu,46,5,0,
R1149,Steel,Puketapu,46,5,0,
R1149,Steel,Puketapu,46,5,0,
R1149,Steel,Puketapu,46,5,0,
R1149,Steel,Puketapu,46,5,0,
R2925,Manzana 2,Puketapu,46,5,0,
R2925,Manzana 2,Puketapu,46,5,0,
R2925,Manzana 2,Puketapu,46,5,0,0.07
R1936,Wharerangi,Puketapu,47,6,0,
R2636,Moteo Pa,Puketapu,47,6,0,
R2636,Moteo Pa,Puketapu,47,6,0,
R1936,Wharerangi,Puketapu,47,6,0,
R1936,Wharerangi,Puketapu,47,6,0,
R1936,Wharerangi,Puketapu,47,6,0,
R2150,Dartmoor,Puketapu,47,6,0,
R2150,Dartmoor,Puketapu,47,6,0,
R2879,Manzana,Puketapu,47,6,0,
R2879,Manzana,Puketapu,47,6,0,
R2879,Manzana,Puketapu,47,6,0,
R2879,Manzana,Puketapu,47,6,0,
R2886,Sim 2,Puketapu,47,6,0,
R2886,Sim 2,Puketapu,47,6,0,
R2901,Wharerangi 2,Puketapu,47,6,0,
R2901,Wharerangi 2,Puketapu,47,6,0,
R2901,Wharerangi 2,Puketapu,47,6,0,
R2900,Sim 1,Puketapu,47,6,0,
R2900,Sim 1,Puketapu,47,6,0,
R2900,Sim 1,Puketapu,47,6,0,
R2900,Sim 1,Puketapu,47,6,0,
R1149,Steel,Puketapu,47,6,0,
R1149,Steel,Puketapu,47,6,0,
R1149,Steel,Puketapu,47,6,0,
R1149,Steel,Puketapu,47,6,0,
R2925,Manzana 2,Puketapu,47,6,0,
R2925,Manzana 2,Puketapu,47,6,0,
R2925,Manzana 2,Puketapu,47,6,0,0
R1936,Wharerangi,Puketapu,48,7,0,
R2636,Moteo Pa,Puketapu,48,7,0,
R2636,Moteo Pa,Puketapu,48,7,0,
R1936,Wharerangi,Puketapu,48,7,0,
R1936,Wharerangi,Puketapu,48,7,1,
R1936,Wharerangi,Puketapu,48,7,0,
R2150,Dartmoor,Puketapu,48,7,0,
R2150,Dartmoor,Puketapu,48,7,0,
R2879,Manzana,Puketapu,48,7,0,
R2879,Manzana,Puketapu,48,7,0,
R2879,Manzana,Puketapu,48,7,0,
R2879,Manzana,Puketapu,48,7,0,
R2886,Sim 2,Puketapu,48,7,0,
R2886,Sim 2,Puketapu,48,7,0,
R2901,Wharerangi 2,Puketapu,48,7,0,
R2901,Wharerangi 2,Puketapu,48,7,0,
R2901,Wharerangi 2,Puketapu,48,7,0,
R2900,Sim 1,Puketapu,48,7,0,
R2900,Sim 1,Puketapu,48,7,0,
R2900,Sim 1,Puketapu,48,7,0,
R2900,Sim 1,Puketapu,48,7,0,
R1149,Steel,Puketapu,48,7,0,
R1149,Steel,Puketapu,48,7,0,
R1149,Steel,Puketapu,48,7,0,
R1149,Steel,Puketapu,48,7,0,
R2925,Manzana 2,Puketapu,48,7,0,
R2925,Manzana 2,Puketapu,48,7,0,
R2925,Manzana 2,Puketapu,48,7,0,0.04
R1936,Wharerangi,Puketapu,49,8,0,
R2636,Moteo Pa,Puketapu,49,8,0,
R2636,Moteo Pa,Puketapu,49,8,0,
R1936,Wharerangi,Puketapu,49,8,0,
R1936,Wharerangi,Puketapu,49,8,0,
R1936,Wharerangi,Puketapu,49,8,0,
R2150,Dartmoor,Puketapu,49,8,0,
R2150,Dartmoor,Puketapu,49,8,0,
R2879,Manzana,Puketapu,49,8,0,
R2879,Manzana,Puketapu,49,8,0,
R2879,Manzana,Puketapu,49,8,0,
R2879,Manzana,Puketapu,49,8,0,
R2886,Sim 2,Puketapu,49,8,0,
R2886,Sim 2,Puketapu,49,8,0,
R2901,Wharerangi 2,Puketapu,49,8,0,
R2901,Wharerangi 2,Puketapu,49,8,0,
R2901,Wharerangi 2,Puketapu,49,8,0,
R2900,Sim 1,Puketapu,49,8,0,
R2900,Sim 1,Puketapu,49,8,0,
R2900,Sim 1,Puketapu,49,8,0,
R2900,Sim 1,Puketapu,49,8,0,
R1149,Steel,Puketapu,49,8,0,
R1149,Steel,Puketapu,49,8,0,
R1149,Steel,Puketapu,49,8,0,
R1149,Steel,Puketapu,49,8,0,
R2925,Manzana 2,Puketapu,49,8,0,
R2925,Manzana 2,Puketapu,49,8,0,0
R2925,Manzana 2,Puketapu,49,8,0,
R1936,Wharerangi,Puketapu,50,9,0,
R2636,Moteo Pa,Puketapu,50,9,0,
R2636,Moteo Pa,Puketapu,50,9,0,
R1936,Wharerangi,Puketapu,50,9,0,
R1936,Wharerangi,Puketapu,50,9,0,
R1936,Wharerangi,Puketapu,50,9,0,
R2150,Dartmoor,Puketapu,50,9,0,
R2150,Dartmoor,Puketapu,50,9,0,
R2879,Manzana,Puketapu,50,9,0,
R2879,Manzana,Puketapu,50,9,0,
R2879,Manzana,Puketapu,50,9,0,
R2879,Manzana,Puketapu,50,9,0,
R2886,Sim 2,Puketapu,50,9,0,
R2886,Sim 2,Puketapu,50,9,0,
R2901,Wharerangi 2,Puketapu,50,9,0,
R2901,Wharerangi 2,Puketapu,50,9,0,
R2901,Wharerangi 2,Puketapu,50,9,0,
R2900,Sim 1,Puketapu,50,9,0,
R2900,Sim 1,Puketapu,50,9,0,
R2900,Sim 1,Puketapu,50,9,0,
R2900,Sim 1,Puketapu,50,9,0,
R1149,Steel,Puketapu,50,9,0,
R1149,Steel,Puketapu,50,9,0,
R1149,Steel,Puketapu,50,9,0,
R1149,Steel,Puketapu,50,9,0,
R2925,Manzana 2,Puketapu,50,9,0,
R2925,Manzana 2,Puketapu,50,9,0,
R2925,Manzana 2,Puketapu,50,9,0,0
R1936,Wharerangi,Puketapu,51,10,0,
R2636,Moteo Pa,Puketapu,51,10,0,
R2636,Moteo Pa,Puketapu,51,10,0,
R1936,Wharerangi,Puketapu,51,10,0,
R1936,Wharerangi,Puketapu,51,10,0,
R1936,Wharerangi,Puketapu,51,10,0,
R2150,Dartmoor,Puketapu,51,10,0,
R2150,Dartmoor,Puketapu,51,10,0,
R2879,Manzana,Puketapu,51,10,0,
R2879,Manzana,Puketapu,51,10,0,
R2879,Manzana,Puketapu,51,10,0,
R2879,Manzana,Puketapu,51,10,0,
R2886,Sim 2,Puketapu,51,10,0,
R2886,Sim 2,Puketapu,51,10,0,
R2901,Wharerangi 2,Puketapu,51,10,0,
R2901,Wharerangi 2,Puketapu,51,10,0,
R2901,Wharerangi 2,Puketapu,51,10,0,
R2900,Sim 1,Puketapu,51,10,0,
R2900,Sim 1,Puketapu,51,10,0,
R2900,Sim 1,Puketapu,51,10,0,
R2900,Sim 1,Puketapu,51,10,0,
R1149,Steel,Puketapu,51,10,0,
R1149,Steel,Puketapu,51,10,0,
R1149,Steel,Puketapu,51,10,0,
R1149,Steel,Puketapu,51,10,0,
R2925,Manzana 2,Puketapu,51,10,0,
R2925,Manzana 2,Puketapu,51,10,0,
R2925,Manzana 2,Puketapu,51,10,0,0
R1936,Wharerangi,Puketapu,52,11,0,
R2636,Moteo Pa,Puketapu,52,11,0,
R2636,Moteo Pa,Puketapu,52,11,0,
R1936,Wharerangi,Puketapu,52,11,1,
R1936,Wharerangi,Puketapu,52,11,0,
R1936,Wharerangi,Puketapu,52,11,0,
R2150,Dartmoor,Puketapu,52,11,0,
R2150,Dartmoor,Puketapu,52,11,0,
R2879,Manzana,Puketapu,52,11,0,
R2879,Manzana,Puketapu,52,11,0,
R2879,Manzana,Puketapu,52,11,0,
R2879,Manzana,Puketapu,52,11,0,
R2886,Sim 2,Puketapu,52,11,0,
R2886,Sim 2,Puketapu,52,11,0,
R2901,Wharerangi 2,Puketapu,52,11,0,
R2901,Wharerangi 2,Puketapu,52,11,0,
R2901,Wharerangi 2,Puketapu,52,11,0,
R2900,Sim 1,Puketapu,52,11,0,
R2900,Sim 1,Puketapu,52,11,0,
R2900,Sim 1,Puketapu,52,11,0,
R2900,Sim 1,Puketapu,52,11,0,
R1149,Steel,Puketapu,52,11,0,
R1149,Steel,Puketapu,52,11,0,
R1149,Steel,Puketapu,52,11,0,
R1149,Steel,Puketapu,52,11,0,
R2925,Manzana 2,Puketapu,52,11,0,0.04
R2925,Manzana 2,Puketapu,52,11,0,
R2925,Manzana 2,Puketapu,52,11,0,
R1936,Wharerangi,Puketapu,53,12,0,
R2636,Moteo Pa,Puketapu,53,12,0,
R2636,Moteo Pa,Puketapu,53,12,0,
R1936,Wharerangi,Puketapu,53,12,0,
R1936,Wharerangi,Puketapu,53,12,1,
R1936,Wharerangi,Puketapu,53,12,0,
R2150,Dartmoor,Puketapu,53,12,0,
R2150,Dartmoor,Puketapu,53,12,0,
R2879,Manzana,Puketapu,53,12,0,
R2879,Manzana,Puketapu,53,12,0,
R2879,Manzana,Puketapu,53,12,0,
R2879,Manzana,Puketapu,53,12,0,
R2886,Sim 2,Puketapu,53,12,0,
R2886,Sim 2,Puketapu,53,12,0,
R2901,Wharerangi 2,Puketapu,53,12,0,
R2901,Wharerangi 2,Puketapu,53,12,0,
R2901,Wharerangi 2,Puketapu,53,12,0,
R2900,Sim 1,Puketapu,53,12,0,
R2900,Sim 1,Puketapu,53,12,0,
R2900,Sim 1,Puketapu,53,12,0,
R2900,Sim 1,Puketapu,53,12,0,
R1149,Steel,Puketapu,53,12,0,
R1149,Steel,Puketapu,53,12,0,
R1149,Steel,Puketapu,53,12,0,
R1149,Steel,Puketapu,53,12,0,
R2925,Manzana 2,Puketapu,53,12,0,
R2925,Manzana 2,Puketapu,53,12,0,
R2925,Manzana 2,Puketapu,53,12,0,0.04
R1936,Wharerangi,Puketapu,1,13,0,
R2636,Moteo Pa,Puketapu,1,13,0,
R2636,Moteo Pa,Puketapu,1,13,0,
R1936,Wharerangi,Puketapu,1,13,0,
R1936,Wharerangi,Puketapu,1,13,0,
R1936,Wharerangi,Puketapu,1,13,0,
R2150,Dartmoor,Puketapu,1,13,0,
R2150,Dartmoor,Puketapu,1,13,0,
R2879,Manzana,Puketapu,1,13,0,
R2879,Manzana,Puketapu,1,13,0,
R2879,Manzana,Puketapu,1,13,0,
R2879,Manzana,Puketapu,1,13,0,
R2886,Sim 2,Puketapu,1,13,0,
R2886,Sim 2,Puketapu,1,13,0,
R2901,Wharerangi 2,Puketapu,1,13,0,
R2901,Wharerangi 2,Puketapu,1,13,0,
R2901,Wharerangi 2,Puketapu,1,13,0,
R2900,Sim 1,Puketapu,1,13,0,
R2900,Sim 1,Puketapu,1,13,0,
R2900,Sim 1,Puketapu,1,13,0,
R2900,Sim 1,Puketapu,1,13,0,
R1149,Steel,Puketapu,1,13,0,
R1149,Steel,Puketapu,1,13,0,
R1149,Steel,Puketapu,1,13,0,
R1149,Steel,Puketapu,1,13,0,
R2925,Manzana 2,Puketapu,1,13,0,
R2925,Manzana 2,Puketapu,1,13,0,
R2925,Manzana 2,Puketapu,1,13,0,0
R1936,Wharerangi,Puketapu,2,14,0,
R2636,Moteo Pa,Puketapu,2,14,0,
R2636,Moteo Pa,Puketapu,2,14,0,
R1936,Wharerangi,Puketapu,2,14,0,
R1936,Wharerangi,Puketapu,2,14,0,
R1936,Wharerangi,Puketapu,2,14,0,
R2150,Dartmoor,Puketapu,2,14,0,
R2150,Dartmoor,Puketapu,2,14,0,
R2879,Manzana,Puketapu,2,14,0,
R2879,Manzana,Puketapu,2,14,0,
R2879,Manzana,Puketapu,2,14,0,
R2879,Manzana,Puketapu,2,14,0,
R2886,Sim 2,Puketapu,2,14,0,
R2886,Sim 2,Puketapu,2,14,0,
R2901,Wharerangi 2,Puketapu,2,14,0,
R2901,Wharerangi 2,Puketapu,2,14,0,
R2901,Wharerangi 2,Puketapu,2,14,0,
R2900,Sim 1,Puketapu,2,14,0,
R2900,Sim 1,Puketapu,2,14,0,
R2900,Sim 1,Puketapu,2,14,0,
R2900,Sim 1,Puketapu,2,14,0,
R1149,Steel,Puketapu,2,14,0,
R1149,Steel,Puketapu,2,14,0,
R1149,Steel,Puketapu,2,14,0,
R1149,Steel,Puketapu,2,14,0,0
R2925,Manzana 2,Puketapu,2,14,0,
R2925,Manzana 2,Puketapu,2,14,0,
R2925,Manzana 2,Puketapu,2,14,0,
R1936,Wharerangi,Puketapu,3,15,0,
R2636,Moteo Pa,Puketapu,3,15,0,
R2636,Moteo Pa,Puketapu,3,15,0,
R1936,Wharerangi,Puketapu,3,15,0,
R1936,Wharerangi,Puketapu,3,15,0,
R1936,Wharerangi,Puketapu,3,15,1,
R2150,Dartmoor,Puketapu,3,15,0,
R2150,Dartmoor,Puketapu,3,15,0,
R2879,Manzana,Puketapu,3,15,0,
R2879,Manzana,Puketapu,3,15,0,
R2879,Manzana,Puketapu,3,15,0,
R2879,Manzana,Puketapu,3,15,0,
R2886,Sim 2,Puketapu,3,15,0,
R2886,Sim 2,Puketapu,3,15,0,
R2901,Wharerangi 2,Puketapu,3,15,0,
R2901,Wharerangi 2,Puketapu,3,15,0,
R2901,Wharerangi 2,Puketapu,3,15,0,
R2900,Sim 1,Puketapu,3,15,0,
R2900,Sim 1,Puketapu,3,15,0,
R2900,Sim 1,Puketapu,3,15,0,
R2900,Sim 1,Puketapu,3,15,0,
R1149,Steel,Puketapu,3,15,0,
R1149,Steel,Puketapu,3,15,0,
R1149,Steel,Puketapu,3,15,0,
R1149,Steel,Puketapu,3,15,0,
R2925,Manzana 2,Puketapu,3,15,0,
R2925,Manzana 2,Puketapu,3,15,0,
R2925,Manzana 2,Puketapu,3,15,0,0.04
R1936,Wharerangi,Puketapu,4,16,0,
R2636,Moteo Pa,Puketapu,4,16,0,
R2636,Moteo Pa,Puketapu,4,16,0,
R1936,Wharerangi,Puketapu,4,16,0,
R1936,Wharerangi,Puketapu,4,16,0,
R1936,Wharerangi,Puketapu,4,16,0,
R2150,Dartmoor,Puketapu,4,16,0,
R2150,Dartmoor,Puketapu,4,16,0,
R2879,Manzana,Puketapu,4,16,1,
R2879,Manzana,Puketapu,4,16,0,
R2879,Manzana,Puketapu,4,16,0,
R2879,Manzana,Puketapu,4,16,0,
R2886,Sim 2,Puketapu,4,16,0,
R2886,Sim 2,Puketapu,4,16,0,
R2901,Wharerangi 2,Puketapu,4,16,0,
R2901,Wharerangi 2,Puketapu,4,16,0,
R2901,Wharerangi 2,Puketapu,4,16,0,
R2900,Sim 1,Puketapu,4,16,0,
R2900,Sim 1,Puketapu,4,16,0,
R2900,Sim 1,Puketapu,4,16,0,
R2900,Sim 1,Puketapu,4,16,0,
R1149,Steel,Puketapu,4,16,0,
R1149,Steel,Puketapu,4,16,0,
R1149,Steel,Puketapu,4,16,0,
R1149,Steel,Puketapu,4,16,0,
R2925,Manzana 2,Puketapu,4,16,0,
R2925,Manzana 2,Puketapu,4,16,0,
R2925,Manzana 2,Puketapu,4,16,0,0.04
R1936,Wharerangi,Puketapu,5,17,0,
R2636,Moteo Pa,Puketapu,5,17,0,
R2636,Moteo Pa,Puketapu,5,17,0,
R1936,Wharerangi,Puketapu,5,17,0,
R1936,Wharerangi,Puketapu,5,17,0,
R1936,Wharerangi,Puketapu,5,17,0,
R2150,Dartmoor,Puketapu,5,17,0,
R2150,Dartmoor,Puketapu,5,17,0,
R2879,Manzana,Puketapu,5,17,0,
R2879,Manzana,Puketapu,5,17,0,
R2879,Manzana,Puketapu,5,17,0,
R2879,Manzana,Puketapu,5,17,0,
R2886,Sim 2,Puketapu,5,17,0,
R2886,Sim 2,Puketapu,5,17,0,
R2901,Wharerangi 2,Puketapu,5,17,0,
R2901,Wharerangi 2,Puketapu,5,17,0,
R2901,Wharerangi 2,Puketapu,5,17,0,
R2900,Sim 1,Puketapu,5,17,0,
R2900,Sim 1,Puketapu,5,17,0,
R2900,Sim 1,Puketapu,5,17,0,
R2900,Sim 1,Puketapu,5,17,0,
R1149,Steel,Puketapu,5,17,0,
R1149,Steel,Puketapu,5,17,0,
R1149,Steel,Puketapu,5,17,0,0
R1149,Steel,Puketapu,5,17,0,
R2925,Manzana 2,Puketapu,5,17,0,
R2925,Manzana 2,Puketapu,5,17,0,
R2925,Manzana 2,Puketapu,5,17,0,
R1936,Wharerangi,Puketapu,6,18,0,
R2636,Moteo Pa,Puketapu,6,18,0,
R2636,Moteo Pa,Puketapu,6,18,0,
R1936,Wharerangi,Puketapu,6,18,0,
R1936,Wharerangi,Puketapu,6,18,1,
R1936,Wharerangi,Puketapu,6,18,0,
R2150,Dartmoor,Puketapu,6,18,0,
R2150,Dartmoor,Puketapu,6,18,0,
R2879,Manzana,Puketapu,6,18,0,
R2879,Manzana,Puketapu,6,18,0,
R2879,Manzana,Puketapu,6,18,0,
R2879,Manzana,Puketapu,6,18,0,
R2886,Sim 2,Puketapu,6,18,0,
R2886,Sim 2,Puketapu,6,18,0,
R2901,Wharerangi 2,Puketapu,6,18,0,
R2901,Wharerangi 2,Puketapu,6,18,0,
R2901,Wharerangi 2,Puketapu,6,18,0,
R2900,Sim 1,Puketapu,6,18,0,
R2900,Sim 1,Puketapu,6,18,0,
R2900,Sim 1,Puketapu,6,18,0,
R2900,Sim 1,Puketapu,6,18,0,
R1149,Steel,Puketapu,6,18,0,
R1149,Steel,Puketapu,6,18,0,
R1149,Steel,Puketapu,6,18,0,
R1149,Steel,Puketapu,6,18,0,
R2925,Manzana 2,Puketapu,6,18,0,
R2925,Manzana 2,Puketapu,6,18,0,
R2925,Manzana 2,Puketapu,6,18,0,0.04
R1936,Wharerangi,Puketapu,7,19,0,
R1936,Wharerangi,Puketapu,7,19,0,
R1936,Wharerangi,Puketapu,7,19,0,
R1936,Wharerangi,Puketapu,7,19,0,
R2879,Manzana,Puketapu,7,19,0,
R2879,Manzana,Puketapu,7,19,0,
R2879,Manzana,Puketapu,7,19,0,
R2879,Manzana,Puketapu,7,19,0,
R2886,Sim 2,Puketapu,7,19,0,
R2886,Sim 2,Puketapu,7,19,0,
R2901,Wharerangi 2,Puketapu,7,19,0,
R2901,Wharerangi 2,Puketapu,7,19,0,
R2901,Wharerangi 2,Puketapu,7,19,0,
R1149,Steel,Puketapu,7,19,0,
R1149,Steel,Puketapu,7,19,0,
R1149,Steel,Puketapu,7,19,0,
R1149,Steel,Puketapu,7,19,0,
R2925,Manzana 2,Puketapu,7,19,0,
R2925,Manzana 2,Puketapu,7,19,0,
R2925,Manzana 2,Puketapu,7,19,0,0
R1936,Wharerangi,Puketapu,8,20,0,
R2636,Moteo Pa,Puketapu,8,20,0,
R2636,Moteo Pa,Puketapu,8,20,0,
R1936,Wharerangi,Puketapu,8,20,0,
R1936,Wharerangi,Puketapu,8,20,0,
R1936,Wharerangi,Puketapu,8,20,0,
R2879,Manzana,Puketapu,8,20,0,
R2879,Manzana,Puketapu,8,20,0,
R2879,Manzana,Puketapu,8,20,0,
R2879,Manzana,Puketapu,8,20,0,
R2886,Sim 2,Puketapu,8,20,0,
R2886,Sim 2,Puketapu,8,20,0,
R2901,Wharerangi 2,Puketapu,8,20,0,
R2901,Wharerangi 2,Puketapu,8,20,0,
R2901,Wharerangi 2,Puketapu,8,20,0,
R1149,Steel,Puketapu,8,20,0,
R1149,Steel,Puketapu,8,20,0,
R1149,Steel,Puketapu,8,20,0,
R1149,Steel,Puketapu,8,20,0,
R2925,Manzana 2,Puketapu,8,20,0,
R2925,Manzana 2,Puketapu,8,20,0,
R2925,Manzana 2,Puketapu,8,20,0,0
R1936,Wharerangi,Puketapu,9,21,0,
R1936,Wharerangi,Puketapu,9,21,0,
R1936,Wharerangi,Puketapu,9,21,0,
R1936,Wharerangi,Puketapu,9,21,0,
R2879,Manzana,Puketapu,9,21,0,
R2879,Manzana,Puketapu,9,21,0,
R2879,Manzana,Puketapu,9,21,0,
R2879,Manzana,Puketapu,9,21,0,
R2886,Sim 2,Puketapu,9,21,0,0
R2886,Sim 2,Puketapu,9,21,0,
R2901,Wharerangi 2,Puketapu,9,21,0,
R2901,Wharerangi 2,Puketapu,9,21,0,
R2901,Wharerangi 2,Puketapu,9,21,0,
R1149,Steel,Puketapu,9,21,0,
R1149,Steel,Puketapu,9,21,0,
R1149,Steel,Puketapu,9,21,0,
R1149,Steel,Puketapu,9,21,0,
R2925,Manzana 2,Puketapu,9,21,0,
R2925,Manzana 2,Puketapu,9,21,0,
R2925,Manzana 2,Puketapu,9,21,0,
R1936,Wharerangi,Puketapu,10,22,0,
R1936,Wharerangi,Puketapu,10,22,0,
R1936,Wharerangi,Puketapu,10,22,0,
R1936,Wharerangi,Puketapu,10,22,0,
R2879,Manzana,Puketapu,10,22,0,
R2879,Manzana,Puketapu,10,22,0,
R2879,Manzana,Puketapu,10,22,0,
R2879,Manzana,Puketapu,10,22,0,
R2901,Wharerangi 2,Puketapu,10,22,0,
R2901,Wharerangi 2,Puketapu,10,22,0,
R2901,Wharerangi 2,Puketapu,10,22,0,
R2925,Manzana 2,Puketapu,10,22,0,
R2925,Manzana 2,Puketapu,10,22,0,
R2925,Manzana 2,Puketapu,10,22,0,0
R1936,Wharerangi,Puketapu,11,23,0,
R1936,Wharerangi,Puketapu,11,23,0,
R1936,Wharerangi,Puketapu,11,23,0,
R1936,Wharerangi,Puketapu,11,23,0,
R2879,Manzana,Puketapu,11,23,0,
R2879,Manzana,Puketapu,11,23,0,
R2901,Wharerangi 2,Puketapu,11,23,0,
R2901,Wharerangi 2,Puketapu,11,23,0,
R2901,Wharerangi 2,Puketapu,11,23,0,
R2925,Manzana 2,Puketapu,11,23,0,
R2925,Manzana 2,Puketapu,11,23,0,
R2925,Manzana 2,Puketapu,11,23,0,0
R1936,Wharerangi,Puketapu,12,24,0,
R1936,Wharerangi,Puketapu,12,24,0,
R1936,Wharerangi,Puketapu,12,24,0,
R1936,Wharerangi,Puketapu,12,24,0,
R2879,Manzana,Puketapu,12,24,0,
R2879,Manzana,Puketapu,12,24,0,
R2901,Wharerangi 2,Puketapu,12,24,0,
R2901,Wharerangi 2,Puketapu,12,24,0,
R2901,Wharerangi 2,Puketapu,12,24,0,
R2925,Manzana 2,Puketapu,12,24,0,
R2925,Manzana 2,Puketapu,12,24,0,
R2925,Manzana 2,Puketapu,12,24,0,0
R1580,Pioneer,Valley,45,4,0,
R1580,Pioneer,Valley,45,4,0,
R1580,Pioneer,Valley,45,4,0,
R1580,Pioneer,Valley,45,4,0,
R1580,Pioneer,Valley,45,4,0,
R2919,Valley,Valley,45,4,0,
R2919,Valley,Valley,45,4,0,
R2919,Valley,Valley,45,4,0,
R2919,Valley,Valley,45,4,0,
R2919,Valley,Valley,45,4,0,
R2919,Valley,Valley,45,4,0,
R2919,Valley,Valley,45,4,0,
R2919,Valley,Valley,45,4,0,
R2919,Valley,Valley,45,4,0,
R2919,Valley,Valley,45,4,0,
R2919,Valley,Valley,45,4,0,
R2919,Valley,Valley,45,4,0,
R2919,Valley,Valley,45,4,0,
R2919,Valley,Valley,45,4,0,
R2919,Valley,Valley,45,4,0,
R2919,Valley,Valley,45,4,0,
R2919,Valley,Valley,45,4,0,
R2919,Valley,Valley,45,4,0,
R2919,Valley,Valley,45,4,0,
R2919,Valley,Valley,45,4,0,0
R1580,Pioneer,Valley,46,5,3,
R1580,Pioneer,Valley,46,5,0,
R1580,Pioneer,Valley,46,5,0,
R1580,Pioneer,Valley,46,5,0,
R1580,Pioneer,Valley,46,5,0,
R2919,Valley,Valley,46,5,0,
R2919,Valley,Valley,46,5,1,
R2919,Valley,Valley,46,5,0,
R2919,Valley,Valley,46,5,0,
R2919,Valley,Valley,46,5,0,
R2919,Valley,Valley,46,5,0,
R2919,Valley,Valley,46,5,0,
R2919,Valley,Valley,46,5,0,
R2919,Valley,Valley,46,5,0,
R2919,Valley,Valley,46,5,0,
R2919,Valley,Valley,46,5,0,
R2919,Valley,Valley,46,5,0,
R2919,Valley,Valley,46,5,0,
R2919,Valley,Valley,46,5,0,
R2919,Valley,Valley,46,5,0,
R2919,Valley,Valley,46,5,0,
R2919,Valley,Valley,46,5,0,
R2919,Valley,Valley,46,5,0,
R2919,Valley,Valley,46,5,1,
R2919,Valley,Valley,46,5,0,0.2
R1580,Pioneer,Valley,47,6,0,
R1580,Pioneer,Valley,47,6,0,
R1580,Pioneer,Valley,47,6,0,
R1580,Pioneer,Valley,47,6,0,
R1580,Pioneer,Valley,47,6,0,
R2919,Valley,Valley,47,6,1,
R2919,Valley,Valley,47,6,0,
R2919,Valley,Valley,47,6,0,
R2919,Valley,Valley,47,6,0,
R2919,Valley,Valley,47,6,0,
R2919,Valley,Valley,47,6,0,
R2919,Valley,Valley,47,6,0,
R2919,Valley,Valley,47,6,0,
R2919,Valley,Valley,47,6,0,
R2919,Valley,Valley,47,6,0,
R2919,Valley,Valley,47,6,0,
R2919,Valley,Valley,47,6,0,
R2919,Valley,Valley,47,6,0,
R2919,Valley,Valley,47,6,0,
R2919,Valley,Valley,47,6,0,
R2919,Valley,Valley,47,6,0,
R2919,Valley,Valley,47,6,0,
R2919,Valley,Valley,47,6,0,
R2919,Valley,Valley,47,6,0,
R2919,Valley,Valley,47,6,0,0.04
R1580,Pioneer,Valley,48,7,1,
R1580,Pioneer,Valley,48,7,0,
R1580,Pioneer,Valley,48,7,0,
R1580,Pioneer,Valley,48,7,0,
R1580,Pioneer,Valley,48,7,0,
R2919,Valley,Valley,48,7,0,
R2919,Valley,Valley,48,7,0,
R2919,Valley,Valley,48,7,0,
R2919,Valley,Valley,48,7,0,
R2919,Valley,Valley,48,7,0,
R2919,Valley,Valley,48,7,0,
R2919,Valley,Valley,48,7,0,
R2919,Valley,Valley,48,7,0,
R2919,Valley,Valley,48,7,2,
R2919,Valley,Valley,48,7,0,
R2919,Valley,Valley,48,7,0,
R2919,Valley,Valley,48,7,0,
R2919,Valley,Valley,48,7,0,
R2919,Valley,Valley,48,7,1,
R2919,Valley,Valley,48,7,0,
R2919,Valley,Valley,48,7,0,
R2919,Valley,Valley,48,7,0,
R2919,Valley,Valley,48,7,0,
R2919,Valley,Valley,48,7,0,
R2919,Valley,Valley,48,7,0,0.16
R1580,Pioneer,Valley,49,8,0,
R1580,Pioneer,Valley,49,8,0,
R1580,Pioneer,Valley,49,8,0,
R1580,Pioneer,Valley,49,8,0,
R1580,Pioneer,Valley,49,8,0,
R2919,Valley,Valley,49,8,0,
R2919,Valley,Valley,49,8,0,
R2919,Valley,Valley,49,8,0,
R2919,Valley,Valley,49,8,0,
R2919,Valley,Valley,49,8,0,
R2919,Valley,Valley,49,8,0,
R2919,Valley,Valley,49,8,0,
R2919,Valley,Valley,49,8,0,
R2919,Valley,Valley,49,8,0,
R2919,Valley,Valley,49,8,0,
R2919,Valley,Valley,49,8,0,
R2919,Valley,Valley,49,8,0,
R2919,Valley,Valley,49,8,0,
R2919,Valley,Valley,49,8,0,
R2919,Valley,Valley,49,8,0,
R2919,Valley,Valley,49,8,0,
R2919,Valley,Valley,49,8,0,
R2919,Valley,Valley,49,8,0,
R2919,Valley,Valley,49,8,0,
R2919,Valley,Valley,49,8,0,0
R1580,Pioneer,Valley,50,9,0,
R1580,Pioneer,Valley,50,9,0,
R1580,Pioneer,Valley,50,9,0,
R1580,Pioneer,Valley,50,9,0,
R1580,Pioneer,Valley,50,9,0,
R2919,Valley,Valley,50,9,0,
R2919,Valley,Valley,50,9,0,
R2919,Valley,Valley,50,9,0,
R2919,Valley,Valley,50,9,0,
R2919,Valley,Valley,50,9,0,
R2919,Valley,Valley,50,9,0,
R2919,Valley,Valley,50,9,0,
R2919,Valley,Valley,50,9,0,
R2919,Valley,Valley,50,9,0,
R2919,Valley,Valley,50,9,0,
R2919,Valley,Valley,50,9,0,
R2919,Valley,Valley,50,9,0,
R2919,Valley,Valley,50,9,0,
R2919,Valley,Valley,50,9,0,
R2919,Valley,Valley,50,9,0,
R2919,Valley,Valley,50,9,0,
R2919,Valley,Valley,50,9,0,
R2919,Valley,Valley,50,9,0,
R2919,Valley,Valley,50,9,0,
R2919,Valley,Valley,50,9,0,0
R1580,Pioneer,Valley,51,10,0,
R1580,Pioneer,Valley,51,10,0,
R1580,Pioneer,Valley,51,10,0,
R1580,Pioneer,Valley,51,10,0,
R1580,Pioneer,Valley,51,10,0,
R2919,Valley,Valley,51,10,0,
R2919,Valley,Valley,51,10,0,
R2919,Valley,Valley,51,10,0,
R2919,Valley,Valley,51,10,0,
R2919,Valley,Valley,51,10,0,
R2919,Valley,Valley,51,10,0,
R2919,Valley,Valley,51,10,0,
R2919,Valley,Valley,51,10,0,
R2919,Valley,Valley,51,10,0,
R2919,Valley,Valley,51,10,0,
R2919,Valley,Valley,51,10,0,
R2919,Valley,Valley,51,10,0,
R2919,Valley,Valley,51,10,0,
R2919,Valley,Valley,51,10,0,
R2919,Valley,Valley,51,10,0,
R2919,Valley,Valley,51,10,0,
R2919,Valley,Valley,51,10,0,
R2919,Valley,Valley,51,10,0,
R2919,Valley,Valley,51,10,0,
R2919,Valley,Valley,51,10,0,0
R1580,Pioneer,Valley,52,11,0,
R1580,Pioneer,Valley,52,11,0,
R1580,Pioneer,Valley,52,11,0,
R1580,Pioneer,Valley,52,11,0,
R1580,Pioneer,Valley,52,11,0,
R2919,Valley,Valley,52,11,0,
R2919,Valley,Valley,52,11,0,
R2919,Valley,Valley,52,11,0,
R2919,Valley,Valley,52,11,0,
R2919,Valley,Valley,52,11,0,
R2919,Valley,Valley,52,11,0,
R2919,Valley,Valley,52,11,0,0
R2919,Valley,Valley,52,11,0,
R2919,Valley,Valley,52,11,0,
R2919,Valley,Valley,52,11,0,
R2919,Valley,Valley,52,11,0,
R2919,Valley,Valley,52,11,0,
R2919,Valley,Valley,52,11,0,
R2919,Valley,Valley,52,11,0,
R2919,Valley,Valley,52,11,0,
R2919,Valley,Valley,52,11,0,
R2919,Valley,Valley,52,11,0,
R2919,Valley,Valley,52,11,0,
R2919,Valley,Valley,52,11,0,
R2919,Valley,Valley,52,11,0,
R1580,Pioneer,Valley,53,12,0,
R1580,Pioneer,Valley,53,12,0,
R1580,Pioneer,Valley,53,12,0,
R1580,Pioneer,Valley,53,12,0,
R1580,Pioneer,Valley,53,12,0,
R2919,Valley,Valley,53,12,0,
R2919,Valley,Valley,53,12,0,
R2919,Valley,Valley,53,12,0,
R2919,Valley,Valley,53,12,0,
R2919,Valley,Valley,53,12,0,
R2919,Valley,Valley,53,12,0,
R2919,Valley,Valley,53,12,0,
R2919,Valley,Valley,53,12,0,
R2919,Valley,Valley,53,12,0,
R2919,Valley,Valley,53,12,0,
R2919,Valley,Valley,53,12,0,
R2919,Valley,Valley,53,12,0,
R2919,Valley,Valley,53,12,0,
R2919,Valley,Valley,53,12,0,
R2919,Valley,Valley,53,12,0,
R2919,Valley,Valley,53,12,0,
R2919,Valley,Valley,53,12,0,
R2919,Valley,Valley,53,12,0,
R2919,Valley,Valley,53,12,0,0
R2919,Valley,Valley,53,12,0,
R1580,Pioneer,Valley,1,13,0,
R1580,Pioneer,Valley,1,13,0,
R1580,Pioneer,Valley,1,13,0,
R1580,Pioneer,Valley,1,13,0,
R1580,Pioneer,Valley,1,13,0,
R2919,Valley,Valley,1,13,0,
R2919,Valley,Valley,1,13,0,
R2919,Valley,Valley,1,13,0,
R2919,Valley,Valley,1,13,0,
R2919,Valley,Valley,1,13,0,
R2919,Valley,Valley,1,13,0,
R2919,Valley,Valley,1,13,0,
R2919,Valley,Valley,1,13,0,
R2919,Valley,Valley,1,13,0,
R2919,Valley,Valley,1,13,0,
R2919,Valley,Valley,1,13,0,
R2919,Valley,Valley,1,13,1,
R2919,Valley,Valley,1,13,0,
R2919,Valley,Valley,1,13,0,
R2919,Valley,Valley,1,13,0,
R2919,Valley,Valley,1,13,0,
R2919,Valley,Valley,1,13,0,
R2919,Valley,Valley,1,13,0,
R2919,Valley,Valley,1,13,0,
R2919,Valley,Valley,1,13,0,0.04
R1580,Pioneer,Valley,2,14,0,
R1580,Pioneer,Valley,2,14,0,
R1580,Pioneer,Valley,2,14,0,
R1580,Pioneer,Valley,2,14,0,
R1580,Pioneer,Valley,2,14,0,
R2919,Valley,Valley,2,14,0,
R2919,Valley,Valley,2,14,0,
R2919,Valley,Valley,2,14,0,
R2919,Valley,Valley,2,14,0,
R2919,Valley,Valley,2,14,0,
R2919,Valley,Valley,2,14,0,0
R2919,Valley,Valley,2,14,0,
R2919,Valley,Valley,2,14,0,
R2919,Valley,Valley,2,14,0,
R2919,Valley,Valley,2,14,0,
R2919,Valley,Valley,2,14,0,
R2919,Valley,Valley,2,14,0,
R2919,Valley,Valley,2,14,0,
R2919,Valley,Valley,2,14,0,
R2919,Valley,Valley,2,14,0,
R2919,Valley,Valley,2,14,0,
R2919,Valley,Valley,2,14,0,
R2919,Valley,Valley,2,14,0,
R2919,Valley,Valley,2,14,0,
R2919,Valley,Valley,2,14,0,
R1580,Pioneer,Valley,3,15,0,
R1580,Pioneer,Valley,3,15,0,
R1580,Pioneer,Valley,3,15,0,
R1580,Pioneer,Valley,3,15,0,
R1580,Pioneer,Valley,3,15,0,
R2919,Valley,Valley,3,15,0,
R2919,Valley,Valley,3,15,0,
R2919,Valley,Valley,3,15,0,
R2919,Valley,Valley,3,15,0,
R2919,Valley,Valley,3,15,0,
R2919,Valley,Valley,3,15,0,
R2919,Valley,Valley,3,15,0,
R2919,Valley,Valley,3,15,0,
R2919,Valley,Valley,3,15,0,
R2919,Valley,Valley,3,15,0,
R2919,Valley,Valley,3,15,0,
R2919,Valley,Valley,3,15,0,
R2919,Valley,Valley,3,15,0,
R2919,Valley,Valley,3,15,0,
R2919,Valley,Valley,3,15,0,
R2919,Valley,Valley,3,15,0,
R2919,Valley,Valley,3,15,0,
R2919,Valley,Valley,3,15,0,
R2919,Valley,Valley,3,15,0,
R2919,Valley,Valley,3,15,0,0
R1580,Pioneer,Valley,4,16,0,
R1580,Pioneer,Valley,4,16,0,
R1580,Pioneer,Valley,4,16,0,
R1580,Pioneer,Valley,4,16,1,
R1580,Pioneer,Valley,4,16,0,
R2919,Valley,Valley,4,16,0,
R2919,Valley,Valley,4,16,0,
R2919,Valley,Valley,4,16,0,
R2919,Valley,Valley,4,16,0,
R2919,Valley,Valley,4,16,0,
R2919,Valley,Valley,4,16,0,
R2919,Valley,Valley,4,16,0,
R2919,Valley,Valley,4,16,0,
R2919,Valley,Valley,4,16,0,
R2919,Valley,Valley,4,16,0,
R2919,Valley,Valley,4,16,0,
R2919,Valley,Valley,4,16,0,
R2919,Valley,Valley,4,16,0,
R2919,Valley,Valley,4,16,0,
R2919,Valley,Valley,4,16,0,
R2919,Valley,Valley,4,16,0,
R2919,Valley,Valley,4,16,0,
R2919,Valley,Valley,4,16,0,
R2919,Valley,Valley,4,16,0,
R2919,Valley,Valley,4,16,0,0.04
R1580,Pioneer,Valley,5,17,0,
R1580,Pioneer,Valley,5,17,0,
R1580,Pioneer,Valley,5,17,0,
R1580,Pioneer,Valley,5,17,0,
R1580,Pioneer,Valley,5,17,0,
R2919,Valley,Valley,5,17,0,
R2919,Valley,Valley,5,17,0,
R2919,Valley,Valley,5,17,0,
R2919,Valley,Valley,5,17,0,
R2919,Valley,Valley,5,17,0,
R2919,Valley,Valley,5,17,0,
R2919,Valley,Valley,5,17,0,
R2919,Valley,Valley,5,17,0,
R2919,Valley,Valley,5,17,0,
R2919,Valley,Valley,5,17,1,
R2919,Valley,Valley,5,17,0,
R2919,Valley,Valley,5,17,0,
R2919,Valley,Valley,5,17,0,
R2919,Valley,Valley,5,17,0,0.04
R2919,Valley,Valley,5,17,0,
R2919,Valley,Valley,5,17,0,
R2919,Valley,Valley,5,17,0,
R2919,Valley,Valley,5,17,0,
R2919,Valley,Valley,5,17,0,
R2919,Valley,Valley,5,17,0,
R1580,Pioneer,Valley,6,18,0,
R1580,Pioneer,Valley,6,18,0,
R1580,Pioneer,Valley,6,18,0,
R1580,Pioneer,Valley,6,18,0,
R1580,Pioneer,Valley,6,18,0,
R2919,Valley,Valley,6,18,0,
R2919,Valley,Valley,6,18,0,
R2919,Valley,Valley,6,18,0,
R2919,Valley,Valley,6,18,0,
R2919,Valley,Valley,6,18,0,
R2919,Valley,Valley,6,18,0,
R2919,Valley,Valley,6,18,0,
R2919,Valley,Valley,6,18,0,
R2919,Valley,Valley,6,18,0,
R2919,Valley,Valley,6,18,0,
R2919,Valley,Valley,6,18,0,
R2919,Valley,Valley,6,18,0,
R2919,Valley,Valley,6,18,0,
R2919,Valley,Valley,6,18,0,
R2919,Valley,Valley,6,18,0,
R2919,Valley,Valley,6,18,0,
R2919,Valley,Valley,6,18,0,
R2919,Valley,Valley,6,18,0,
R2919,Valley,Valley,6,18,0,
R2919,Valley,Valley,6,18,0,0
R1580,Pioneer,Valley,7,19,0,
R1580,Pioneer,Valley,7,19,0,
R1580,Pioneer,Valley,7,19,0,
R1580,Pioneer,Valley,7,19,0,
R1580,Pioneer,Valley,7,19,0,
R2919,Valley,Valley,7,19,0,
R2919,Valley,Valley,7,19,0,
R2919,Valley,Valley,7,19,0,
R2919,Valley,Valley,7,19,0,
R2919,Valley,Valley,7,19,0,
R2919,Valley,Valley,7,19,0,
R2919,Valley,Valley,7,19,0,
R2919,Valley,Valley,7,19,0,
R2919,Valley,Valley,7,19,0,
R2919,Valley,Valley,7,19,0,
R2919,Valley,Valley,7,19,0,
R2919,Valley,Valley,7,19,0,
R2919,Valley,Valley,7,19,0,
R2919,Valley,Valley,7,19,0,
R2919,Valley,Valley,7,19,0,
R2919,Valley,Valley,7,19,0,
R2919,Valley,Valley,7,19,0,
R2919,Valley,Valley,7,19,0,
R2919,Valley,Valley,7,19,0,
R2919,Valley,Valley,7,19,0,0
R1580,Pioneer,Valley,8,20,0,
R1580,Pioneer,Valley,8,20,0,
R1580,Pioneer,Valley,8,20,0,
R1580,Pioneer,Valley,8,20,0,
R1580,Pioneer,Valley,8,20,0,
R2919,Valley,Valley,8,20,0,
R2919,Valley,Valley,8,20,0,
R2919,Valley,Valley,8,20,0,
R2919,Valley,Valley,8,20,0,
R2919,Valley,Valley,8,20,0,
R2919,Valley,Valley,8,20,0,
R2919,Valley,Valley,8,20,0,
R2919,Valley,Valley,8,20,0,
R2919,Valley,Valley,8,20,0,
R2919,Valley,Valley,8,20,0,
R2919,Valley,Valley,8,20,0,
R2919,Valley,Valley,8,20,0,
R2919,Valley,Valley,8,20,0,
R2919,Valley,Valley,8,20,0,
R2919,Valley,Valley,8,20,0,
R2919,Valley,Valley,8,20,0,
R2919,Valley,Valley,8,20,0,
R2919,Valley,Valley,8,20,0,
R2919,Valley,Valley,8,20,0,
R2919,Valley,Valley,8,20,0,0
R1580,Pioneer,Valley,9,21,0,
R1580,Pioneer,Valley,9,21,0,
R1580,Pioneer,Valley,9,21,0,
R1580,Pioneer,Valley,9,21,0,
R1580,Pioneer,Valley,9,21,0,
R2919,Valley,Valley,9,21,0,
R2919,Valley,Valley,9,21,0,
R2919,Valley,Valley,9,21,0,
R2919,Valley,Valley,9,21,0,
R2919,Valley,Valley,9,21,0,
R2919,Valley,Valley,9,21,0,
R2919,Valley,Valley,9,21,0,
R2919,Valley,Valley,9,21,0,
R2919,Valley,Valley,9,21,0,
R2919,Valley,Valley,9,21,0,
R2919,Valley,Valley,9,21,0,
R2919,Valley,Valley,9,21,0,
R2919,Valley,Valley,9,21,0,
R2919,Valley,Valley,9,21,0,
R2919,Valley,Valley,9,21,0,
R2919,Valley,Valley,9,21,0,
R2919,Valley,Valley,9,21,0,
R2919,Valley,Valley,9,21,0,
R2919,Valley,Valley,9,21,0,
R2919,Valley,Valley,9,21,0,0
R1580,Pioneer,Valley,10,22,0,
R1580,Pioneer,Valley,10,22,0,
R1580,Pioneer,Valley,10,22,0,
R1580,Pioneer,Valley,10,22,0,
R1580,Pioneer,Valley,10,22,0,
R2919,Valley,Valley,10,22,0,
R2919,Valley,Valley,10,22,0,
R2919,Valley,Valley,10,22,0,
R2919,Valley,Valley,10,22,0,
R2919,Valley,Valley,10,22,0,
R2919,Valley,Valley,10,22,0,
R2919,Valley,Valley,10,22,0,
R2919,Valley,Valley,10,22,0,
R2919,Valley,Valley,10,22,0,
R2919,Valley,Valley,10,22,0,
R2919,Valley,Valley,10,22,0,
R2919,Valley,Valley,10,22,0,
R2919,Valley,Valley,10,22,0,
R2919,Valley,Valley,10,22,0,
R2919,Valley,Valley,10,22,0,
R2919,Valley,Valley,10,22,0,
R2919,Valley,Valley,10,22,0,
R2919,Valley,Valley,10,22,0,
R2919,Valley,Valley,10,22,0,
R2919,Valley,Valley,10,22,0,0
R1580,Pioneer,Valley,11,23,0,
R1580,Pioneer,Valley,11,23,0,
R1580,Pioneer,Valley,11,23,2,
R1580,Pioneer,Valley,11,23,0,
R1580,Pioneer,Valley,11,23,0,
R2919,Valley,Valley,11,23,0,
R2919,Valley,Valley,11,23,0,
R2919,Valley,Valley,11,23,0,
R2919,Valley,Valley,11,23,0,
R2919,Valley,Valley,11,23,0,
R2919,Valley,Valley,11,23,0,
R2919,Valley,Valley,11,23,0,
R2919,Valley,Valley,11,23,0,
R2919,Valley,Valley,11,23,0,
R2919,Valley,Valley,11,23,0,
R2919,Valley,Valley,11,23,0,
R2919,Valley,Valley,11,23,0,
R2919,Valley,Valley,11,23,0,
R2919,Valley,Valley,11,23,0,
R2919,Valley,Valley,11,23,0,
R2919,Valley,Valley,11,23,0,
R2919,Valley,Valley,11,23,0,
R2919,Valley,Valley,11,23,0,
R2919,Valley,Valley,11,23,0,
R2919,Valley,Valley,11,23,0,0.08
R1580,Pioneer,Valley,12,24,0,
R1580,Pioneer,Valley,12,24,0,
R1580,Pioneer,Valley,12,24,0,
R1580,Pioneer,Valley,12,24,0,
R1580,Pioneer,Valley,12,24,0,
R2919,Valley,Valley,12,24,0,
R2919,Valley,Valley,12,24,0,
R2919,Valley,Valley,12,24,0,
R2919,Valley,Valley,12,24,0,
R2919,Valley,Valley,12,24,0,
R2919,Valley,Valley,12,24,0,
R2919,Valley,Valley,12,24,0,
R2919,Valley,Valley,12,24,0,
R2919,Valley,Valley,12,24,0,
R2919,Valley,Valley,12,24,0,
R2919,Valley,Valley,12,24,0,
R2919,Valley,Valley,12,24,0,
R2919,Valley,Valley,12,24,0,
R2919,Valley,Valley,12,24,0,
R2919,Valley,Valley,12,24,0,
R2919,Valley,Valley,12,24,0,
R2919,Valley,Valley,12,24,0,
R2919,Valley,Valley,12,24,0,
R2919,Valley,Valley,12,24,0,
R2919,Valley,Valley,12,24,0,0
